"Evidence","PBP","Substitution","Phenotypic Distance","SE","No. isolates","Confidence","Î² Joint","Adj. p-value","Effect Size Axis 1","Effect Size Axis 2","No. Sig. interactions","total","Sig. mvLMM/uvLMM (No. drugs"
"Very Strong","2X","I371T","4.149","0.058","3/136","Strong",3.079,"<1e-16","2.761","1.364","36",4,"Yes/Yes (6)"
"Strong","2X","E320K","-","-","-/-","Strong",1.365,"<1e-16","-0.823","1.09","19",3,"Yes/No (0)"
"Strong","2X","A369V","-","-","-/-","Strong",1.345,"<1e-16","-0.185","1.332","9",3,"Yes/No (0)"
"Strong","2X","A491V","-","-","-/-","Strong",1.22,"<1e-16","0.588","1.068","20",3,"Yes/Yes (1)"
"Strong","2X","M343T","-","-","-/-","Strong",1.22,"<1e-16","0.505","1.11","20",3,"Yes/Yes (1)"
"Strong","2X","T490S","-","-","-/-","Strong",1.158,"<1e-16","0.538","1.026","20",3,"Yes/Yes (1)"
"Moderate","2X","N444S","-","-","-/-","-",2.668,"<1e-16","2.407","1.15","31",2,"Yes/No (0)"
"Moderate","2B","G467L","-","-","-/-","-",2.398,"<1e-16","-2.264","0.791","4",2,"Yes/Yes (1)"
"Moderate","2B","S469N","-","-","-/-","-",2.398,"<1e-16","-2.264","0.791","4",2,"Yes/Yes (1)"
"Moderate","2B","G483A","-","-","-/-","-",2.398,"<1e-16","-2.264","0.791","4",2,"Yes/Yes (1)"
"Moderate","2B","A490S","-","-","-/-","-",2.398,"<1e-16","-2.264","0.791","4",2,"Yes/Yes (1)"
"Moderate","2X","S531Y","-","-","-/-","-",2.377,"<1e-16","2.158","0.997","30",2,"Yes/No (0)"
"Moderate","1A","T371S","-","-","-/-","Weak",2.334,"<1e-16","2.173","0.85","9",2,"Yes/Yes (2)"
"Moderate","1A","L611F","-","-","-/-","Weak",2.192,"4.958e-04","1.883","1.121","37",2,"Yes/Yes (1)"
"Moderate","1A","R413H","-","-","-/-","Weak",2.069,"<1e-16","1.941","0.716","1",2,"Yes/Yes (1)"
"Moderate","2B","P568S","-","-","-/-","-",2.061,"<1e-16","-1.706","1.157","5",2,"Yes/No (0)"
"Moderate","1A","N443D","-","-","-/-","Weak",2.029,"3.957e-06","1.61","1.235","59",2,"Yes/Yes (1)"
"Moderate","2B","T489A","-","-","-/-","Weak",2.027,"<1e-16","1.299","1.556","49",2,"Yes/Yes (3)"
"Moderate","2X","V523L","-","-","-/-","Weak",2.023,"8.938e-09","1.785","0.952","41",2,"Yes/No (0)"
"Moderate","2X","D278N","-","-","-/-","Weak",2.011,"<1e-16","-0.087","2.009","4",2,"Yes/No (0)"
"Moderate","1A","G414V","-","-","-/-","Weak",1.998,"3.749e-07","1.788","0.893","5",2,"Yes/Yes (1)"
"Moderate","2X","L364F","-","-","-/-","Weak",1.984,"<1e-16","1.835","0.754","30",2,"Yes/Yes (2)"
"Moderate","2B","L609S","-","-","-/-","-",1.96,"<1e-16","-1.421","1.35","5",2,"Yes/No (0)"
"Moderate","2B","V503I","-","-","-/-","-",1.955,"<1e-16","-1.439","1.324","3",2,"Yes/No (0)"
"Moderate","2B","E476G","-","-","-/-","-",1.949,"<1e-16","1.073","1.627","13",2,"Yes/Yes (2)"
"Moderate","2X","P486T","-","-","-/-","-",1.915,"6.231e-08","1.691","0.899","42",2,"Yes/No (0)"
"Moderate","2B","S508N","-","-","-/-","-",1.871,"<1e-16","-1.681","0.821","10",2,"Yes/No (0)"
"Moderate","1A","I459M","-","-","-/-","Weak",1.817,"3.966e-07","1.401","1.156","56",2,"Yes/Yes (2)"
"Moderate","2X","L510Q","-","-","-/-","Strong",1.814,"<1e-16","-0.708","1.67","-",2,"Yes/No (0)"
"Moderate","2X","V423I","-","-","-/-","Strong",1.807,"<1e-16","-0.893","1.571","-",2,"Yes/No (0)"
"Moderate","2B","A624E","-","-","-/-","-",1.799,"<1e-16","-0.806","1.609","12",2,"Yes/No (0)"
"Moderate","2X","P268T","-","-","-/-","Weak",1.787,"<1e-16","-0.476","1.722","2",2,"Yes/Yes (1)"
"Moderate","2X","P535A","-","-","-/-","Weak",1.778,"<1e-16","-0.673","1.646","4",2,"Yes/No (0)"
"Moderate","2B","R545H","-","-","-/-","-",1.765,"<1e-16","-1.469","0.978","3",2,"Yes/No (0)"
"Moderate","2X","I318L","-","-","-/-","Weak",1.746,"<1e-16","-0.688","1.604","9",2,"Yes/No (0)"
"Moderate","2X","I366V","-","-","-/-","-",1.703,"<1e-16","-0.852","1.475","15",2,"Yes/No (0)"
"Moderate","2X","S574A","-","-","-/-","-",1.703,"<1e-16","-0.657","1.571","1",2,"Yes/No (0)"
"Moderate","2X","Y568N","-","-","-/-","Weak",1.694,"<1e-16","-0.818","1.484","10",2,"Yes/No (0)"
"Moderate","2X","Q552E","-","-","-/-","-",1.682,"<1e-16","-0.775","1.493","10",2,"Yes/No (0)"
"Moderate","1A","T612L","-","-","-/-","Weak",1.669,"6.230e-08","1.49","0.751","33",2,"Yes/Yes (1)"
"Moderate","2B","A592S","-","-","-/-","-",1.666,"<1e-16","0.679","1.521","51",2,"Yes/Yes (2)"
"Moderate","2B","N422Y","-","-","-/-","Weak",1.637,"2.048e-10","1.45","0.76","32",2,"Yes/Yes (3)"
"Moderate","2B","T426K","-","-","-/-","Weak",1.637,"2.048e-10","1.45","0.76","32",2,"Yes/Yes (3)"
"Moderate","2B","Q427L","-","-","-/-","Weak",1.637,"2.048e-10","1.45","0.76","32",2,"Yes/Yes (3)"
"Moderate","2B","E506D","-","-","-/-","-",1.622,"<1e-16","0.279","1.598","7",2,"Yes/No (0)"
"Moderate","1A","T540A","-","-","-/-","Weak",1.602,"<1e-16","-1.522","0.499","5",2,"Yes/No (0)"
"Moderate","2X","I483L","-","-","-/-","-",1.596,"<1e-16","-1.103","1.154","28",2,"Yes/No (0)"
"Moderate","2X","L510V","-","-","-/-","Strong",1.524,"<1e-16","-0.503","1.438","-",2,"Yes/No (0)"
"Moderate","2B","Q438E","-","-","-/-","Weak",1.517,"<1e-16","0.893","1.225","34",2,"Yes/Yes (2)"
"Moderate","2X","A507T","-","-","-/-","Strong",1.502,"6.851e-07","1.391","0.568","-",2,"Yes/Yes (1)"
"Moderate","2X","T513D","-","-","-/-","Strong",1.497,"<1e-16","-1.004","1.11","-",2,"Yes/No (0)"
"Moderate","2X","T538N","-","-","-/-","Weak",1.481,"<1e-16","-0.802","1.245","4",2,"Yes/No (0)"
"Moderate","2B","L455I","-","-","-/-","Weak",1.444,"<1e-16","0.831","1.18","34",2,"Yes/Yes (2)"
"Moderate","2B","T446A","-","-","-/-","-",1.403,"<1e-16","0.559","1.287","13",2,"Yes/Yes (2)"
"Moderate","2B","L609A","-","-","-/-","-",1.386,"<1e-16","-1.004","0.955","5",2,"Yes/No (0)"
"Moderate","2B","S412P","-","-","-/-","Weak",1.358,"<1e-16","0.835","1.071","55",2,"Yes/Yes (3)"
"Moderate","2X","T230K","-","-","-/-","Weak",1.259,"<1e-16","-0.348","1.21","29",2,"Yes/No (0)"
"Moderate","2X","T401S","-","-","-/-","Weak",1.221,"1.652e-04","1.08","0.569","45",2,"Yes/No (0)"
"Moderate","1A","T574N","-","-","-/-","Weak",1.208,"5.698e-12","0.863","0.845","31",2,"Yes/No (0)"
"Moderate","1A","S575T","-","-","-/-","Weak",1.208,"5.698e-12","0.863","0.845","31",2,"Yes/No (0)"
"Moderate","1A","Q576G","-","-","-/-","Weak",1.208,"5.698e-12","0.863","0.845","31",2,"Yes/No (0)"
"Moderate","1A","F577Y","-","-","-/-","Weak",1.208,"5.698e-12","0.863","0.845","31",2,"Yes/No (0)"
"Moderate","2B","Q628E","-","-","-/-","-",1.207,"<1e-16","0.385","1.144","54",2,"Yes/Yes (2)"
"Moderate","2X","V358Y","-","-","-/-","Weak",1.203,"7.151e-06","0.931","0.761","56",2,"Yes/No (0)"
"Moderate","1A","D473N","-","-","-/-","Weak",1.189,"<1e-16","0.709","0.955","48",2,"Yes/No (0)"
"Moderate","2X","S389L","-","-","-/-","Weak",1.174,"1.050e-04","0.915","0.736","33",2,"Yes/Yes (2)"
"Moderate","1A","L382I","-","-","-/-","Weak",1.166,"<1e-16","-0.807","0.842","36",2,"Yes/No (0)"
"Moderate","1A","Y641F","-","-","-/-","Weak",1.162,"<1e-16","-1.13","0.27","28",2,"Yes/No (0)"
"Moderate","1A","I459L","-","-","-/-","Weak",1.154,"<1e-16","-0.986","0.599","5",2,"Yes/No (0)"
"Moderate","1A","T543I","-","-","-/-","Weak",1.154,"<1e-16","-1.029","0.522","3",2,"Yes/No (0)"
"Moderate","2X","Q447M","-","-","-/-","-",1.091,"<1e-16","-0.827","0.711","13",2,"Yes/No (0)"
"Moderate","2X","N501K","-","-","-/-","Strong",1.061,"1.338e-02","0.781","0.719","28",2,"No/No (0)"
"Moderate","2X","K505E","-","-","-/-","Strong",1.061,"1.338e-02","0.781","0.719","28",2,"No/No (0)"
"Moderate","2B","T569K","-","-","-/-","-",1.056,"<1e-16","-0.069","1.054","55",2,"Yes/No (0)"
"Moderate","2B","D578E","-","-","-/-","-",1.056,"<1e-16","-0.069","1.054","55",2,"Yes/No (0)"
"Moderate","1A","N546G","-","-","-/-","Weak",1.055,"2.997e-11","0.735","0.757","31",2,"Yes/No (0)"
"Moderate","1A","A550P","-","-","-/-","Weak",1.055,"2.997e-11","0.735","0.757","31",2,"Yes/No (0)"
"Moderate","2B","T489S","-","-","-/-","Weak",1.055,"<1e-16","-0.248","1.025","24",2,"Yes/No (0)"
"Moderate","2X","S449A","-","-","-/-","-",1.046,"<1e-16","-0.527","0.904","12",2,"Yes/No (0)"
"Moderate","1A","T540V","-","-","-/-","Weak",1.008,"<1e-16","-0.423","0.915","3",2,"Yes/No (0)"
"Moderate","2X","A572V","0","0","17/1","Strong",0.973,"<1e-16","0.067","0.97","50",2,"No/No (0)"
"Moderate","2X","E378D","-","-","-/-","Strong",0.889,"<1e-16","-0.542","0.706","18",2,"No/No (0)"
"Moderate","2X","L565S","-","-","-/-","Strong",0.843,"<1e-16","0.178","0.823","42",2,"No/No (0)"
"Moderate","2X","N514H","-","-","-/-","Strong",0.679,"<1e-16","-0.148","0.662","38",2,"No/No (0)"
"Moderate","2X","I462L","-","-","-/-","Strong",0.676,"4.120e-01","0.517","0.435","49",2,"No/No (0)"
"Moderate","2X","L510T","-","-","-/-","Strong",0.468,"3.991e-16","0.441","-0.156","20",2,"No/No (0)"
"Moderate","2X","T513N","-","-","-/-","Strong",0.468,"3.991e-16","0.441","-0.156","20",2,"No/No (0)"
"Moderate","2X","D506E","-","-","-/-","Strong",0.33,"1.000e+00","0.28","0.174","52",2,"No/No (0)"
"Weak","1A","K475H","-","-","-/-","Weak",2.358,"<1e-16","-2.348","0.222","-",1,"Yes/No (0)"
"Weak","1A","L606I","-","-","-/-","Weak",2.143,"9.013e-04","1.836","1.105","37",1,"Yes/Yes (1)"
"Weak","2X","V523R","-","-","-/-","Weak",1.927,"<1e-16","-0.45","1.874","-",1,"Yes/No (0)"
"Weak","1A","P432T","-","-","-/-","Weak",1.899,"7.581e-03","1.523","1.134","38",1,"No/No (0)"
"Weak","1A","S462A","-","-","-/-","Weak",1.876,"1.056e-02","1.506","1.118","39",1,"No/No (0)"
"Weak","2B","D561N","0.263","0.136","2/11","-",1.83,"<1e-16","-0.648","1.711","-",1,"Yes/No (0)"
"Weak","2B","D561N","0.014","0.01","367/1","-",1.83,"<1e-16","-0.648","1.711","-",1,"Yes/No (0)"
"Weak","2X","S481T","-","-","-/-","Weak",1.775,"<1e-16","-0.914","1.521","-",1,"Yes/No (0)"
"Weak","2X","H394L","-","-","-/-","Weak",1.761,"<1e-16","-0.429","1.708","-",1,"Yes/No (0)"
"Weak","2X","V523T","-","-","-/-","Weak",1.524,"<1e-16","-0.503","1.438","-",1,"Yes/No (0)"
"Weak","1A","N630Q","-","-","-/-","Weak",1.495,"<1e-16","-1.398","0.529","-",1,"Yes/No (0)"
"Weak","1A","T447N","-","-","-/-","-",1.377,"<1e-16","-0.619","1.23","-",1,"Yes/No (0)"
"Weak","2X","S531K","-","-","-/-","-",1.353,"<1e-16","-0.78","1.105","-",1,"Yes/No (0)"
"Weak","2X","G382T","-","-","-/-","Weak",1.325,"1.440e-03","1.072","0.778","30",1,"No/Yes (2)"
"Weak","2B","Q567D","-","-","-/-","-",1.234,"4.242e-02","1.075","0.606","34",1,"No/Yes (1)"
"Weak","1A","V607I","-","-","-/-","-",1.231,"5.891e-14","1.204","0.255","-",1,"Yes/No (0)"
"Weak","1A","T420S","-","-","-/-","-",1.159,"1.151e-13","1.142","0.198","-",1,"Yes/No (0)"
"Weak","2X","A347S","-","-","-/-","-",1.03,"7.716e-04","0.804","0.644","58",1,"Yes/Yes (2)"
"Weak","1A","S592A","-","-","-/-","Weak",0.99,"<1e-16","-0.554","0.821","3",1,"No/No (0)"
"Weak","2B","P568T","-","-","-/-","-",0.958,"7.186e-01","0.826","0.485","34",1,"No/No (0)"
"Weak","2X","T338A","-","-","-/-","Weak",0.94,"5.345e-02","0.768","0.541","48",1,"No/No (0)"
"Weak","2X","L517M","-","-","-/-","-",0.904,"<1e-16","-0.442","0.789","12",1,"No/No (0)"
"Weak","2X","V563T","-","-","-/-","-",0.9,"<1e-16","-0.377","0.817","12",1,"No/No (0)"
"Weak","2X","S576H","-","-","-/-","Weak",0.9,"<1e-16","-0.377","0.817","12",1,"No/No (0)"
"Weak","2X","N417K","-","-","-/-","-",0.883,"<1e-16","0.872","0.142","30",1,"No/No (0)"
"Weak","2X","R254Q","-","-","-/-","Weak",0.857,"<1e-16","-0.083","0.853","2",1,"No/No (0)"
"Weak","1A","E638D","-","-","-/-","Weak",0.847,"<1e-16","-0.734","0.423","26",1,"No/No (0)"
"Weak","1A","H571Y","-","-","-/-","Weak",0.842,"2.070e-01","0.654","0.531","51",1,"No/No (0)"
"Weak","2X","A346S","-","-","-/-","Weak",0.841,"<1e-16","0.836","0.097","39",1,"No/No (0)"
"Weak","2X","M256V","-","-","-/-","Weak",0.839,"<1e-16","-0.021","0.839","1",1,"No/No (0)"
"Weak","1A","N570K","-","-","-/-","Weak",0.828,"4.186e-06","0.58","0.59","48",1,"No/No (0)"
"Weak","1A","V518A","-","-","-/-","-",0.777,"2.925e-01","0.596","0.499","59",1,"No/No (0)"
"Weak","1A","N630H","-","-","-/-","Weak",0.776,"1.444e-10","0.773","0.07","2",1,"No/No (0)"
"Weak","1A","N609D","-","-","-/-","Weak",0.742,"1.752e-10","0.468","0.575","32",1,"No/No (0)"
"Weak","2X","G355S","-","-","-/-","-",0.704,"1.944e-08","0.677","0.191","37",1,"No/No (0)"
"Weak","2X","D488N","0.321","0.321","3/3","-",0.641,"<1e-16","0.239","0.595","48",1,"No/No (0)"
"Weak","2X","D488N","0.033","0.023","142/1","-",0.641,"<1e-16","0.239","0.595","48",1,"No/No (0)"
"Weak","2X","I265L","-","-","-/-","Weak",0.636,"<1e-16","0.629","-0.099","32",1,"No/No (0)"
"Weak","2X","S576N","0.014","0.01","1/367","Weak",0.616,"<1e-16","-0.105","0.607","28",1,"No/No (0)"
"Weak","1A","V505I","-","-","-/-","-",0.597,"<1e-16","0.093","0.59","52",1,"No/No (0)"
"Weak","2X","L241V","-","-","-/-","Weak",0.58,"<1e-16","0.554","-0.172","6",1,"No/No (0)"
"Weak","1A","I393M","-","-","-/-","Weak",0.576,"<1e-16","0.147","0.557","36",1,"No/No (0)"
"Weak","1A","H395N","-","-","-/-","Weak",0.576,"<1e-16","0.147","0.557","36",1,"No/No (0)"
"Weak","1A","E397I","-","-","-/-","Weak",0.576,"<1e-16","0.147","0.557","36",1,"No/No (0)"
"Weak","1A","N405S","-","-","-/-","Weak",0.576,"<1e-16","0.147","0.557","36",1,"No/No (0)"
"Weak","1A","G414A","-","-","-/-","Weak",0.576,"<1e-16","0.147","0.557","36",1,"No/No (0)"
"Weak","2X","R384G","-","-","-/-","Weak",0.575,"<1e-16","-0.043","0.574","51",1,"No/No (0)"
"Weak","1A","K475Q","-","-","-/-","Weak",0.558,"2.467e-02","0.359","0.428","47",1,"No/No (0)"
"Weak","1A","A585V","-","-","-/-","Weak",0.544,"2.528e-09","0.299","0.454","33",1,"No/No (0)"
"Weak","2X","Q250L","-","-","-/-","Weak",0.511,"<1e-16","0.458","-0.227","6",1,"No/No (0)"
"Weak","1A","N405D","-","-","-/-","Weak",0.463,"4.727e-11","0.141","0.442","31",1,"No/No (0)"
"Weak","2X","Q281L","-","-","-/-","-",0.417,"<1e-16","0.362","-0.206","31",1,"No/No (0)"
"Weak","1A","I636M","0.13","0.051","198/1","Weak",0.396,"<1e-16","-0.136","0.371","18",1,"No/No (0)"
"Weak","1A","I636M","0.022","0.011","142/3","Weak",0.396,"<1e-16","-0.136","0.371","18",1,"No/No (0)"
"Weak","2X","T536I","0.056","0.042","1/122","-",0.395,"1.166e-03","0.387","0.077","42",1,"No/No (0)"
"Weak","2X","T536I","0","0","1/91","-",0.395,"1.166e-03","0.387","0.077","42",1,"No/No (0)"
"Weak","1A","L583M","-","-","-/-","Weak",0.38,"2.099e-09","0.138","0.354","35",1,"No/No (0)"
"Weak","1A","T540S","0","0","2/5","Weak",0.337,"<1e-16","0.124","-0.313","4",1,"No/No (0)"
"Weak","1A","T540S","0","0","24/1","Weak",0.337,"<1e-16","0.124","-0.313","4",1,"No/No (0)"
"Weak","1A","T540S","0","0","3/7","Weak",0.337,"<1e-16","0.124","-0.313","4",1,"No/No (0)"
"Weak","1A","T540S","0.139","0.037","59/3","Weak",0.337,"<1e-16","0.124","-0.313","4",1,"No/No (0)"
"Weak","1A","T540S","0.085","0.002","367/198","Weak",0.337,"<1e-16","0.124","-0.313","4",1,"No/No (0)"
"Weak","1A","T540S","0.033","0.002","91/142","Weak",0.337,"<1e-16","0.124","-0.313","4",1,"No/No (0)"
"Weak","1A","T540S","0.092","0.014","17/77","Weak",0.337,"<1e-16","0.124","-0.313","4",1,"No/No (0)"
"Weak","2X","L565V","0.053","0.053","1/48","Strong",0.284,"<1e-16","0.125","-0.255","-",1,"No/No (0)"
"Weak","2X","L565V","0.234","0.036","17/173","Strong",0.284,"<1e-16","0.125","-0.255","-",1,"No/No (0)"
"Weak","1A","T623S","-","-","-/-","-",0.276,"1.000e+00","-0.244","-0.129","39",1,"No/No (0)"
"Weak","1A","E566D","-","-","-/-","-",0.243,"8.110e-03","0.023","0.242","35",1,"No/No (0)"
"Weak","1A","G628D","-","-","-/-","Weak",0.233,"1.327e-01","0.073","0.222","25",1,"No/No (0)"
"Weak","1A","N635T","-","-","-/-","Weak",0.233,"1.327e-01","0.073","0.222","25",1,"No/No (0)"
"Weak","1A","V386I","0","0","1/6","Strong",0.191,"2.120e-07","0.068","-0.178","-",1,"No/No (0)"
"Weak","1A","V386I","0","0","2/7","Strong",0.191,"2.120e-07","0.068","-0.178","-",1,"No/No (0)"
"Weak","1A","V386I","0","0","2/3","Strong",0.191,"2.120e-07","0.068","-0.178","-",1,"No/No (0)"
"Weak","1A","V386I","0","-","1/4","Strong",0.191,"2.120e-07","0.068","-0.178","-",1,"No/No (0)"
"Weak","1A","V386I","0.027","0.005","10/198","Strong",0.191,"2.120e-07","0.068","-0.178","-",1,"No/No (0)"
"Weak","1A","V386I","0.091","0.007","24/142","Strong",0.191,"2.120e-07","0.068","-0.178","-",1,"No/No (0)"
"Weak","1A","V386I","0.091","0.034","3/77","Strong",0.191,"2.120e-07","0.068","-0.178","-",1,"No/No (0)"
"Weak","1A","E632G","-","-","-/-","-",0.162,"8.725e-02","-0.086","0.137","37",1,"No/No (0)"
"Weak","2B","M571I","0.065","0.019","3/122","-",0.145,"5.695e-02","0.058","-0.133","13",1,"No/No (0)"
"Weak","2B","M571I","0.014","0.007","2/367","-",0.145,"5.695e-02","0.058","-0.133","13",1,"No/No (0)"
"Weak","2B","M571I","0.067","0.004","77/91","-",0.145,"5.695e-02","0.058","-0.133","13",1,"No/No (0)"
"Weak","2B","M571I","0.045","0.011","5/198","-",0.145,"5.695e-02","0.058","-0.133","13",1,"No/No (0)"
"Weak","1A","D533E","0","-","2/1","-",0.114,"4.339e-02","-0.065","0.094","46",1,"No/No (0)"
"Weak","1A","S629D","-","-","-/-","Weak",0.107,"1.000e+00","0.079","0.072","34",1,"No/No (0)"
"Weak","1A","M622I","-","-","-/-","Weak",0.107,"1.000e+00","0.069","0.082","23",1,"No/No (0)"
"Weak","2X","V516I","-","-","-/-","Weak",0.095,"1.000e+00","0.094","-0.014","43",1,"No/No (0)"
"Weak","2X","D311N","-","-","-/-","-",0.084,"9.693e-01","0.036","-0.076","62",1,"No/No (0)"
"Weak","2B","N538D","0","0","1/2","-",0.071,"7.574e-01","-0.046","0.054","11",1,"No/No (0)"
"Weak","2X","A491S","0.03","0.017","168/1","Strong",NA,"Not Tested Due to Low Sample Size","-","-","-",1,"No/No (0)"
"Weak","1A","V386F","0.18","0.055","2/59","Strong",NA,"Not Tested Due to Low Sample Size","-","-","-",1,"No/No (0)"
"Weak","2X","M339","-","-","-/-","Strong",NA,"Not Tested Due to Low Sample Size","-","-","-",1,"No/No (0)"
"Weak","2X","D378E","1.254","0.172","19/1","-",NA,"Not Tested Due to Low Sample Size","-","-","-",1,"No/No (0)"
"Weak","2B","V542M","1.324","0.368","1/11","-",NA,"Not Tested Due to Low Sample Size","-","-","-",1,"No/No (0)"
"Weak","1A","G417D","1.057","0.073","1/148","-",NA,"Not Tested Due to Low Sample Size","-","-","-",1,"No/No (0)"
"Weak","2B","A446T","1.376","-","1/1","-",NA,"Not Tested Due to Low Sample Size","-","-","-",1,"No/No (0)"
"Weak","2X","A551G","1.132","0.184","19/1","-",NA,"Not Tested Due to Low Sample Size","-","-","-",1,"No/No (0)"
"Weak","2X","N326D","1.013","0.047","136/1","-",NA,"Not Tested Due to Low Sample Size","-","-","-",1,"No/No (0)"
"Weak","2X","K230T","1.028","0.252","1/9","-",NA,"Not Tested Due to Low Sample Size","-","-","-",1,"No/No (0)"
"Weak","2X","T400M","1.077","-","1/9","-",NA,"Not Tested Due to Low Sample Size","-","-","-",1,"No/No (0)"
"Weak","2B","G404E","1.429","0.178","1/138","-",NA,"Not Tested Due to Low Sample Size","-","-","-",1,"No/No (0)"
"Weak","2B","D483G","1.518","0.076","1/138","-",NA,"Not Tested Due to Low Sample Size","-","-","-",1,"No/No (0)"
"Weak","2X","V572A","1.462","0","1/2","-",NA,"Not Tested Due to Low Sample Size","-","-","-",1,"No/No (0)"
"Weak","2X","D378E","1.286","0.069","1/138","-",NA,"Not Tested Due to Low Sample Size","-","-","-",1,"No/No (0)"
"Weak","2B","L504P","1.088","0.29","1/46","-",NA,"Not Tested Due to Low Sample Size","-","-","-",1,"No/No (0)"
"Weak","2X","A550T","1.599","0.036","2/327","-",NA,"Not Tested Due to Low Sample Size","-","-","-",1,"No/No (0)"
"Weak/No Evidence","2X","A434T","-","-","-/-","-",0.961,"3.564e-02","0.92","0.278","-",0,"No/No (0)"
"Weak/No Evidence","1A","T371A","-","-","-/-","Weak",0.951,"3.802e-09","0.25","0.917","-",0,"No/No (0)"
"Weak/No Evidence","1A","E512K","-","-","-/-","Weak",0.935,"1.000e+00","0.746","0.563","-",0,"No/No (0)"
"Weak/No Evidence","2X","D567N","-","-","-/-","Weak",0.924,"<1e-16","0.033","0.923","-",0,"No/No (0)"
"Weak/No Evidence","2B","N470K","-","-","-/-","-",0.91,"<1e-16","-0.532","0.739","-",0,"No/No (0)"
"Weak/No Evidence","2X","V251I","-","-","-/-","-",0.855,"<1e-16","-0.417","0.747","-",0,"No/No (0)"
"Weak/No Evidence","2B","A516S","-","-","-/-","Weak",0.697,"2.742e-04","0.683","0.139","-",0,"No/No (0)"
"Weak/No Evidence","1A","N643S","-","-","-/-","-",0.662,"9.815e-03","0.639","0.172","-",0,"No/No (0)"
"Weak/No Evidence","1A","S629T","-","-","-/-","Weak",0.321,"1.000e+00","0.255","0.196","-",0,"No/No (0)"
"Weak/No Evidence","2B","G597E","0","-","1/1","-",0.289,"<1e-16","0.132","-0.257","-",0,"No/No (0)"
"Weak/No Evidence","2B","G597E","0.08","0.027","96/2","-",0.289,"<1e-16","0.132","-0.257","-",0,"No/No (0)"
"Weak/No Evidence","2B","G597E","0.065","0.019","3/122","-",0.289,"<1e-16","0.132","-0.257","-",0,"No/No (0)"
"Weak/No Evidence","2B","G597E","0","0","2/10","-",0.289,"<1e-16","0.132","-0.257","-",0,"No/No (0)"
"Weak/No Evidence","2B","G597E","0","0","2/24","-",0.289,"<1e-16","0.132","-0.257","-",0,"No/No (0)"
"Weak/No Evidence","2B","G597E","0.014","0.006","3/367","-",0.289,"<1e-16","0.132","-0.257","-",0,"No/No (0)"
"Weak/No Evidence","2B","G597E","0.221","0.009","59/91","-",0.289,"<1e-16","0.132","-0.257","-",0,"No/No (0)"
"Weak/No Evidence","2B","G597E","0","0","1/17","-",0.289,"<1e-16","0.132","-0.257","-",0,"No/No (0)"
"Weak/No Evidence","2B","G597E","0.26","0.02","48/173","-",0.289,"<1e-16","0.132","-0.257","-",0,"No/No (0)"
"Weak/No Evidence","2B","G597E","0.35","0.303","1/41","-",0.289,"<1e-16","0.132","-0.257","-",0,"No/No (0)"
"Weak/No Evidence","2B","G597E","0.289","0.024","7/198","-",0.289,"<1e-16","0.132","-0.257","-",0,"No/No (0)"
"Weak/No Evidence","2B","G597E","0.022","0.011","3/142","-",0.289,"<1e-16","0.132","-0.257","-",0,"No/No (0)"
"Weak/No Evidence","2B","G597E","0","0","12/3","-",0.289,"<1e-16","0.132","-0.257","-",0,"No/No (0)"
"Weak/No Evidence","2B","G597E","0.224","0.049","16/30","-",0.289,"<1e-16","0.132","-0.257","-",0,"No/No (0)"
"Weak/No Evidence","2X","A279S","-","-","-/-","-",0.26,"4.287e-01","-0.025","-0.258","-",0,"No/No (0)"
"Weak/No Evidence","2B","A490E","0","-","2/1","-",0.253,"1.000e+00","-0.056","0.247","-",0,"No/No (0)"
"Weak/No Evidence","2B","A490E","0.128","0.01","198/19","-",0.253,"1.000e+00","-0.056","0.247","-",0,"No/No (0)"
"Weak/No Evidence","2B","S640Y","0.052","0.001","367/168","-",0.232,"1.169e-02","0.073","-0.221","-",0,"No/No (0)"
"Weak/No Evidence","2X","T385M","-","-","-/-","-",0.227,"3.449e-07","-0.122","0.192","-",0,"No/No (0)"
"Weak/No Evidence","1A","T392A","0.033","0.023","1/142","-",0.226,"2.723e-01","0.069","-0.215","-",0,"No/No (0)"
"Weak/No Evidence","2B","S473F","-","-","-/-","Weak",0.22,"5.814e-01","0.103","-0.194","-",0,"No/No (0)"
"Weak/No Evidence","2B","V383A","-","-","-/-","-",0.22,"5.814e-01","0.103","-0.194","-",0,"No/No (0)"
"Weak/No Evidence","2X","I483V","-","-","-/-","-",0.219,"2.480e-01","0.141","-0.167","-",0,"No/No (0)"
"Weak/No Evidence","1A","A522V","0.223","0.023","77/30","-",0.212,"1.000e+00","0.082","-0.195","-",0,"No/No (0)"
"Weak/No Evidence","1A","S629R","0.987","0","1/3","Weak",0.091,"1.000e+00","0.079","-0.044","-",0,"No/No (0)"
"Weak/No Evidence","1A","S629R","0","-","1/3","Weak",0.091,"1.000e+00","0.079","-0.044","-",0,"No/No (0)"
"Weak/No Evidence","1A","S629R","0.239","0.018","41/142","Weak",0.091,"1.000e+00","0.079","-0.044","-",0,"No/No (0)"
"Weak/No Evidence","2B","N656X","-","-","-/-","Weak",0.058,"1.000e+00","0.036","0.045","-",0,"No/No (0)"
"Weak/No Evidence","2X","H394Y","0.069","0.03","122/1","Weak",NA,"Not Tested Due to Low Sample Size","-","-","-",0,"No/No (0)"
"Weak/No Evidence","2X","N360","-","-","-/-","Weak",NA,"Not Tested Due to Low Sample Size","-","-","-",0,"No/No (0)"
"Weak/No Evidence","2X","V544","-","-","-/-","Weak",NA,"Not Tested Due to Low Sample Size","-","-","-",0,"No/No (0)"
"Weak/No Evidence","1A","I568","-","-","-/-","Weak",NA,"Not Tested Due to Low Sample Size","-","-","-",0,"No/No (0)"
"Weak/No Evidence","1A","N443I","0.013","0.013","1/168","Weak",NA,"Not Tested Due to Low Sample Size","-","-","-",0,"No/No (0)"
"Weak/No Evidence","1A","S629N","0.404","0.085","3/29","Weak",NA,"Not Tested Due to Low Sample Size","-","-","-",0,"No/No (0)"
"Weak/No Evidence","1A","S629N","0.694","0.062","1/148","Weak",NA,"Not Tested Due to Low Sample Size","-","-","-",0,"No/No (0)"
"Weak/No Evidence","2B","S480","-","-","-/-","Weak",NA,"Not Tested Due to Low Sample Size","-","-","-",0,"No/No (0)"
"Weak/No Evidence","1A","I572","-","-","-/-","Weak",NA,"Not Tested Due to Low Sample Size","-","-","-",0,"No/No (0)"
"Weak/No Evidence","1A","L603","-","-","-/-","Weak",NA,"Not Tested Due to Low Sample Size","-","-","-",0,"No/No (0)"
"Weak/No Evidence","2B","A516V","0.011","0.011","173/1","Weak",NA,"Not Tested Due to Low Sample Size","-","-","-",0,"No/No (0)"
"Weak/No Evidence","2X","M400I","0","0","1/77","Weak",NA,"Not Tested Due to Low Sample Size","-","-","-",0,"No/No (0)"
"Weak/No Evidence","1A","I386V","0.049","0.019","3/77","-",NA,"Not Tested Due to Low Sample Size","-","-","-",0,"No/No (0)"
"Weak/No Evidence","2B","Q586K","0.963","-","1/1","-",NA,"Not Tested Due to Low Sample Size","-","-","-",0,"No/No (0)"
"Weak/No Evidence","2X","T526S","0.828","0.045","1/96","-",NA,"Not Tested Due to Low Sample Size","-","-","-",0,"No/No (0)"
"Weak/No Evidence","1A","S540T","0.896","0.244","12/2","-",NA,"Not Tested Due to Low Sample Size","-","-","-",0,"No/No (0)"
"Weak/No Evidence","2X","V565L","0.101","0.024","96/3","-",NA,"Not Tested Due to Low Sample Size","-","-","-",0,"No/No (0)"
"Weak/No Evidence","2X","A393V","0.828","0.031","96/2","-",NA,"Not Tested Due to Low Sample Size","-","-","-",0,"No/No (0)"
"Weak/No Evidence","1A","S540T","0","0","96/2","-",NA,"Not Tested Due to Low Sample Size","-","-","-",0,"No/No (0)"
"Weak/No Evidence","1A","I386V","0","0","96/3","-",NA,"Not Tested Due to Low Sample Size","-","-","-",0,"No/No (0)"
"Weak/No Evidence","1A","S540T","0","0","3/2","-",NA,"Not Tested Due to Low Sample Size","-","-","-",0,"No/No (0)"
"Weak/No Evidence","1A","I386V","0.229","0.052","3/59","-",NA,"Not Tested Due to Low Sample Size","-","-","-",0,"No/No (0)"
"Weak/No Evidence","1A","I386V","0","-","1/1","-",NA,"Not Tested Due to Low Sample Size","-","-","-",0,"No/No (0)"
"Weak/No Evidence","2X","V565L","0.064","0.025","2/122","-",NA,"Not Tested Due to Low Sample Size","-","-","-",0,"No/No (0)"
"Weak/No Evidence","1A","S540T","0","0","2/10","-",NA,"Not Tested Due to Low Sample Size","-","-","-",0,"No/No (0)"
"Weak/No Evidence","1A","I386V","0.03","0.01","2/367","-",NA,"Not Tested Due to Low Sample Size","-","-","-",0,"No/No (0)"
"Weak/No Evidence","2X","M385T","0.065","0.015","122/5","-",NA,"Not Tested Due to Low Sample Size","-","-","-",0,"No/No (0)"
"Weak/No Evidence","1A","S540T","0.141","0.009","122/24","-",NA,"Not Tested Due to Low Sample Size","-","-","-",0,"No/No (0)"
"Weak/No Evidence","1A","I386V","0.085","0.004","122/91","-",NA,"Not Tested Due to Low Sample Size","-","-","-",0,"No/No (0)"
"Weak/No Evidence","1A","I386V","0.198","0.06","5/173","-",NA,"Not Tested Due to Low Sample Size","-","-","-",0,"No/No (0)"
"Weak/No Evidence","2B","A529T","0","0","11/1","-",NA,"Not Tested Due to Low Sample Size","-","-","-",0,"No/No (0)"
"Weak/No Evidence","1A","I386V","0","0","11/1","-",NA,"Not Tested Due to Low Sample Size","-","-","-",0,"No/No (0)"
"Weak/No Evidence","2B","G467D","0","0","1/2","-",NA,"Not Tested Due to Low Sample Size","-","-","-",0,"No/No (0)"
"Weak/No Evidence","2X","V565L","0","0","2/2","-",NA,"Not Tested Due to Low Sample Size","-","-","-",0,"No/No (0)"
"Weak/No Evidence","2X","V565L","0","0","10/24","-",NA,"Not Tested Due to Low Sample Size","-","-","-",0,"No/No (0)"
"Weak/No Evidence","2X","M385T","0","0","10/3","-",NA,"Not Tested Due to Low Sample Size","-","-","-",0,"No/No (0)"
"Weak/No Evidence","1A","G639E","0","0","1/87","-",NA,"Not Tested Due to Low Sample Size","-","-","-",0,"No/No (0)"
"Weak/No Evidence","1A","V408I","0.017","0.012","2/142","-",NA,"Not Tested Due to Low Sample Size","-","-","-",0,"No/No (0)"
"Weak/No Evidence","1A","G417D","0.081","0.081","1/77","-",NA,"Not Tested Due to Low Sample Size","-","-","-",0,"No/No (0)"
"Weak/No Evidence","1A","T436I","0.743","0.067","1/148","-",NA,"Not Tested Due to Low Sample Size","-","-","-",0,"No/No (0)"
"Weak/No Evidence","1A","P457L","0.013","0.013","1/168","-",NA,"Not Tested Due to Low Sample Size","-","-","-",0,"No/No (0)"
"Weak/No Evidence","1A","P499A","0.367","0.124","1/59","-",NA,"Not Tested Due to Low Sample Size","-","-","-",0,"No/No (0)"
"Weak/No Evidence","1A","G610D","0.011","0.011","1/173","-",NA,"Not Tested Due to Low Sample Size","-","-","-",0,"No/No (0)"
"Weak/No Evidence","1A","V613I","0.034","0.014","3/91","-",NA,"Not Tested Due to Low Sample Size","-","-","-",0,"No/No (0)"
"Weak/No Evidence","1A","F626S","0.014","0.007","2/367","-",NA,"Not Tested Due to Low Sample Size","-","-","-",0,"No/No (0)"
"Weak/No Evidence","2B","D538N","0","0","2/3","-",NA,"Not Tested Due to Low Sample Size","-","-","-",0,"No/No (0)"
"Weak/No Evidence","2X","V565L","0","0","2/77","-",NA,"Not Tested Due to Low Sample Size","-","-","-",0,"No/No (0)"
"Weak/No Evidence","2X","I480L","0.029","0.006","77/24","-",NA,"Not Tested Due to Low Sample Size","-","-","-",0,"No/No (0)"
"Weak/No Evidence","2X","Y586H","0","0","1/24","-",NA,"Not Tested Due to Low Sample Size","-","-","-",0,"No/No (0)"
"Weak/No Evidence","2B","S579F","0.058","0.02","1/367","-",NA,"Not Tested Due to Low Sample Size","-","-","-",0,"No/No (0)"
"Weak/No Evidence","2B","V591I","0.011","0.011","1/173","-",NA,"Not Tested Due to Low Sample Size","-","-","-",0,"No/No (0)"
"Weak/No Evidence","2X","V518I","0.887","0.03","2/59","-",NA,"Not Tested Due to Low Sample Size","-","-","-",0,"No/No (0)"
"Weak/No Evidence","2X","V565L","0.076","0.024","3/59","-",NA,"Not Tested Due to Low Sample Size","-","-","-",0,"No/No (0)"
"Weak/No Evidence","2X","M385T","0","0","3/1","-",NA,"Not Tested Due to Low Sample Size","-","-","-",0,"No/No (0)"
"Weak/No Evidence","2X","I480L","0.076","0.043","59/1","-",NA,"Not Tested Due to Low Sample Size","-","-","-",0,"No/No (0)"
"Weak/No Evidence","2X","M385T","0.249","0.013","59/48","-",NA,"Not Tested Due to Low Sample Size","-","-","-",0,"No/No (0)"
"Weak/No Evidence","2X","A296V","0.146","0.022","59/8","-",NA,"Not Tested Due to Low Sample Size","-","-","-",0,"No/No (0)"
"Weak/No Evidence","2B","D578N","0","0","1/3","-",NA,"Not Tested Due to Low Sample Size","-","-","-",0,"No/No (0)"
"Weak/No Evidence","1A","E533D","0","0","1/12","-",NA,"Not Tested Due to Low Sample Size","-","-","-",0,"No/No (0)"
"Weak/No Evidence","2X","A393T","0.064","0.031","48/2","-",NA,"Not Tested Due to Low Sample Size","-","-","-",0,"No/No (0)"
"Weak/No Evidence","2X","Y288D","0.014","0.01","1/367","-",NA,"Not Tested Due to Low Sample Size","-","-","-",0,"No/No (0)"
"Weak/No Evidence","2X","V565L","0.05","0.002","367/91","-",NA,"Not Tested Due to Low Sample Size","-","-","-",0,"No/No (0)"
"Weak/No Evidence","2X","Q542R","0.014","0.01","367/1","-",NA,"Not Tested Due to Low Sample Size","-","-","-",0,"No/No (0)"
"Weak/No Evidence","2X","V393A","0.288","0.011","367/8","-",NA,"Not Tested Due to Low Sample Size","-","-","-",0,"No/No (0)"
"Weak/No Evidence","2X","M385T","0.039","0.004","367/17","-",NA,"Not Tested Due to Low Sample Size","-","-","-",0,"No/No (0)"
"Weak/No Evidence","2X","S354P","0.014","0.01","367/1","-",NA,"Not Tested Due to Low Sample Size","-","-","-",0,"No/No (0)"
"Weak/No Evidence","2X","R286G","0.605","0.013","367/9","-",NA,"Not Tested Due to Low Sample Size","-","-","-",0,"No/No (0)"
"Weak/No Evidence","2B","A634T","0.058","0.02","367/1","-",NA,"Not Tested Due to Low Sample Size","-","-","-",0,"No/No (0)"
"Weak/No Evidence","1A","E533D","0.014","0.007","367/2","-",NA,"Not Tested Due to Low Sample Size","-","-","-",0,"No/No (0)"
"Weak/No Evidence","1A","G441R","0.014","0.01","367/1","-",NA,"Not Tested Due to Low Sample Size","-","-","-",0,"No/No (0)"
"Weak/No Evidence","2X","M385T","0.224","0.014","91/173","-",NA,"Not Tested Due to Low Sample Size","-","-","-",0,"No/No (0)"
"Weak/No Evidence","1A","E533D","0.081","0.005","91/61","-",NA,"Not Tested Due to Low Sample Size","-","-","-",0,"No/No (0)"
"Weak/No Evidence","1A","E514Q","0.034","0.017","91/2","-",NA,"Not Tested Due to Low Sample Size","-","-","-",0,"No/No (0)"
"Weak/No Evidence","2X","M385T","0.963","0","8/2","-",NA,"Not Tested Due to Low Sample Size","-","-","-",0,"No/No (0)"
"Weak/No Evidence","2X","A393V","0","0","17/2","-",NA,"Not Tested Due to Low Sample Size","-","-","-",0,"No/No (0)"
"Weak/No Evidence","1A","E533D","0","0","17/3","-",NA,"Not Tested Due to Low Sample Size","-","-","-",0,"No/No (0)"
"Weak/No Evidence","1A","G610D","0.235","0.235","1/7","-",NA,"Not Tested Due to Low Sample Size","-","-","-",0,"No/No (0)"
"Weak/No Evidence","2B","Q458E","0.35","0.303","1/41","-",NA,"Not Tested Due to Low Sample Size","-","-","-",0,"No/No (0)"
"Weak/No Evidence","2X","V284I","0.487","0.122","6/41","-",NA,"Not Tested Due to Low Sample Size","-","-","-",0,"No/No (0)"
"Weak/No Evidence","2B","P433H","0.13","0.051","1/198","-",NA,"Not Tested Due to Low Sample Size","-","-","-",0,"No/No (0)"
"Weak/No Evidence","2X","A393V","0.211","0.064","54/2","-",NA,"Not Tested Due to Low Sample Size","-","-","-",0,"No/No (0)"
"Weak/No Evidence","1A","A547S","0.651","0.067","54/1","-",NA,"Not Tested Due to Low Sample Size","-","-","-",0,"No/No (0)"
"Weak/No Evidence","2X","L402F","0.963","0","1/6","-",NA,"Not Tested Due to Low Sample Size","-","-","-",0,"No/No (0)"
"Weak/No Evidence","2B","D538N","0","0","6/3","-",NA,"Not Tested Due to Low Sample Size","-","-","-",0,"No/No (0)"
"Weak/No Evidence","2B","V591I","0.965","0","1/4","-",NA,"Not Tested Due to Low Sample Size","-","-","-",0,"No/No (0)"
"Weak/No Evidence","2X","V565L","0.177","0.177","7/3","-",NA,"Not Tested Due to Low Sample Size","-","-","-",0,"No/No (0)"
"Weak/No Evidence","2B","I434V","0.235","0.235","7/1","-",NA,"Not Tested Due to Low Sample Size","-","-","-",0,"No/No (0)"
"Weak/No Evidence","2B","T599I","0","0","1/29","-",NA,"Not Tested Due to Low Sample Size","-","-","-",0,"No/No (0)"
"Weak/No Evidence","2X","T381N","0.096","0.046","1/77","-",NA,"Not Tested Due to Low Sample Size","-","-","-",0,"No/No (0)"
"Weak/No Evidence","2X","G384R","0.027","0.015","1/198","-",NA,"Not Tested Due to Low Sample Size","-","-","-",0,"No/No (0)"
"Weak/No Evidence","2X","I531S","0.133","0.007","29/198","-",NA,"Not Tested Due to Low Sample Size","-","-","-",0,"No/No (0)"
"Weak/No Evidence","2X","V565L","0.091","0.003","198/142","-",NA,"Not Tested Due to Low Sample Size","-","-","-",0,"No/No (0)"
"Weak/No Evidence","2X","M385T","0.157","0.006","198/77","-",NA,"Not Tested Due to Low Sample Size","-","-","-",0,"No/No (0)"
"Weak/No Evidence","2B","Q411R","0.091","0.024","198/3","-",NA,"Not Tested Due to Low Sample Size","-","-","-",0,"No/No (0)"
"Weak/No Evidence","2B","A391V","0.074","0.018","198/4","-",NA,"Not Tested Due to Low Sample Size","-","-","-",0,"No/No (0)"
"Weak/No Evidence","1A","D533N","0.074","0.014","198/6","-",NA,"Not Tested Due to Low Sample Size","-","-","-",0,"No/No (0)"
"Weak/No Evidence","2X","D488V","0.017","0.008","142/4","-",NA,"Not Tested Due to Low Sample Size","-","-","-",0,"No/No (0)"
"Weak/No Evidence","2X","A367V","0.033","0.023","142/1","-",NA,"Not Tested Due to Low Sample Size","-","-","-",0,"No/No (0)"
"Weak/No Evidence","2X","V488N","0","0","1/4","-",NA,"Not Tested Due to Low Sample Size","-","-","-",0,"No/No (0)"
"Weak/No Evidence","2X","T466A","0.096","0.046","1/77","-",NA,"Not Tested Due to Low Sample Size","-","-","-",0,"No/No (0)"
"Weak/No Evidence","2X","V518I","0.096","0.046","1/77","-",NA,"Not Tested Due to Low Sample Size","-","-","-",0,"No/No (0)"
"Weak/No Evidence","2X","V565L","0","-","1/3","-",NA,"Not Tested Due to Low Sample Size","-","-","-",0,"No/No (0)"
"Weak/No Evidence","2X","V565L","0","0","1/5","-",NA,"Not Tested Due to Low Sample Size","-","-","-",0,"No/No (0)"
"Weak/No Evidence","2X","M342I","0.049","0.049","1/61","-",NA,"Not Tested Due to Low Sample Size","-","-","-",0,"No/No (0)"
"Weak/No Evidence","2X","V565L","0.049","0.034","2/61","-",NA,"Not Tested Due to Low Sample Size","-","-","-",0,"No/No (0)"
"Weak/No Evidence","2X","M385T","0","0","2/3","-",NA,"Not Tested Due to Low Sample Size","-","-","-",0,"No/No (0)"
"Weak/No Evidence","2B","A390T","0.049","0.049","61/1","-",NA,"Not Tested Due to Low Sample Size","-","-","-",0,"No/No (0)"
"Weak/No Evidence","1A","E645V","0.049","0.049","61/1","-",NA,"Not Tested Due to Low Sample Size","-","-","-",0,"No/No (0)"
"Weak/No Evidence","1A","A489T","0.098","0.054","16/3","-",NA,"Not Tested Due to Low Sample Size","-","-","-",0,"No/No (0)"
"Weak/No Evidence","1A","G510S","0.976","0.14","136/1","-",NA,"Not Tested Due to Low Sample Size","-","-","-",0,"No/No (0)"
"Weak/No Evidence","2B","D506E","0.585","-","1/1","-",NA,"Not Tested Due to Low Sample Size","-","-","-",0,"No/No (0)"
"Weak/No Evidence","2X","M342V","0.967","0.161","138/1","-",NA,"Not Tested Due to Low Sample Size","-","-","-",0,"No/No (0)"
"Weak/No Evidence","1A","M372I","0.543","0.231","1/46","-",NA,"Not Tested Due to Low Sample Size","-","-","-",0,"No/No (0)"
"Weak/No Evidence","1A","I386F","0","0","2/3","-",NA,"Not Tested Due to Low Sample Size","-","-","-",0,"No/No (0)"
"Weak/No Evidence","1A","T436N","0.056","0.042","1/122","-",NA,"Not Tested Due to Low Sample Size","-","-","-",0,"No/No (0)"
"Weak/No Evidence","1A","V506I","0.894","0.03","1/122","-",NA,"Not Tested Due to Low Sample Size","-","-","-",0,"No/No (0)"
"Weak/No Evidence","2B","T435A","0","-","1/1","-",NA,"Not Tested Due to Low Sample Size","-","-","-",0,"No/No (0)"
"Weak/No Evidence","2B","G467C","0.069","0.03","1/122","-",NA,"Not Tested Due to Low Sample Size","-","-","-",0,"No/No (0)"
"Weak/No Evidence","2X","V518I","0.201","0.008","17/327","-",NA,"Not Tested Due to Low Sample Size","-","-","-",0,"No/No (0)"
"Weak/No Evidence","2X","L562I","0.012","0.006","5/327","-",NA,"Not Tested Due to Low Sample Size","-","-","-",0,"No/No (0)"
"Weak/No Evidence","2B","D538N","0.113","0.003","327/96","-",NA,"Not Tested Due to Low Sample Size","-","-","-",0,"No/No (0)"
"Weak/No Evidence","2B","A533V","0","0","327/1","-",NA,"Not Tested Due to Low Sample Size","-","-","-",0,"No/No (0)"
"Weak/No Evidence","1A","I386V","0.028","0.015","327/2","-",NA,"Not Tested Due to Low Sample Size","-","-","-",0,"No/No (0)"
"Weak/No Evidence","2X","M385T","0","0","327/2","-",NA,"Not Tested Due to Low Sample Size","-","-","-",0,"No/No (0)"
