LABID,Strain,BAPS2_1092,NewBaps,Genome.Set,Pathogen,Serotype,Source,Year,Amoxicillin,Cefquinome,Ceftiofur,Penicillin
00_3638_4B,00-3638-4B,2,1.0,Canada,SYS-BRAIN,5,Pig,2000.0,0.03,0.03,0.12,0.03
1093404,1093404,5,21.0,Canada,SYS-BRAIN,27,Pig,2008.0,0.12,0.12,1.0,0.5
1112943,1112943,5,21.0,Canada,SYS-OTHER,,Pig,2008.0,0.03,0.06,0.5,0.25
1126699,1126699,3,2.0,Canada,SYS-OTHER,17,Pig,2008.0,0.12,0.12,0.5,1.0
1129711,1129711,7,11.0,Canada,SYS-BRAIN,29,Pig,2008.0,0.03,0.06,0.12,0.06
1148794,1148794,1,1.0,Canada,SYS-BRAIN,,Pig,2009.0,0.03,0.03,0.12,0.03
1152130,1152130,5,21.0,Canada,SYS-OTHER,21,Pig,2009.0,0.03,0.06,0.25,0.25
1158584,1158584,6,9.0,Canada,SYS-OTHER,31,Pig,2009.0,0.03,0.03,0.12,0.03
1160410,1160410,7,11.0,Canada,SYS-OTHER,,Pig,2009.0,0.06,0.12,1.0,2.0
1162351,1162351,5,21.0,Canada,RESP,24,Pig,2009.0,0.12,0.25,1.0,4.0
1171239,1171239,5,21.0,Canada,SYS-OTHER,,Pig,2009.0,0.06,0.12,2.0,4.0
1191316,1191316,5,21.0,Canada,SYS-BRAIN,28,Pig,2009.0,0.03,0.12,0.5,0.25
1193601,1193601,12,8.0,Canada,SYS-BRAIN,,Pig,2009.0,0.03,0.03,0.12,0.03
1197165,1197165,6,12.0,Canada,SYS-BRAIN,,Pig,2009.0,0.03,0.12,1.0,0.5
1197378,1197378,12,8.0,Canada,SYS-OTHER,9,Pig,2009.0,0.03,0.03,0.12,0.03
1209618,1209618,9,8.0,Canada,SYS-OTHER,,Pig,2010.0,0.06,0.03,0.25,1.0
1231073,1231073,6,9.0,Canada,SYS-BRAIN,31,Pig,2010.0,0.06,0.06,0.25,0.03
1231255,1231255,3,2.0,Canada,RESP,19,Pig,2010.0,0.06,0.06,0.5,0.5
1248867,1248867,5,21.0,Canada,RESP,,Pig,2010.0,0.06,0.06,4.0,4.0
1269330,1269330,5,21.0,Canada,SYS-BRAIN,21,Pig,2011.0,0.03,0.12,0.5,0.12
1270935,1270935,5,21.0,Canada,SYS-OTHER,28,Pig,2011.0,0.12,0.12,4.0,4.0
1348170,1348170,5,21.0,Canada,SYS-OTHER,13,Pig,2011.0,0.06,0.25,1.0,1.0
1378494,1378494,12,8.0,Canada,UNKNOWN,25,Pig,2012.0,0.03,0.03,0.25,0.03
1442765,1442765,12,8.0,Canada,SYS-OTHER,16,Pig,2012.0,0.06,0.06,1.0,0.5
1456898,1456898,5,21.0,Canada,UNKNOWN,,Pig,2013.0,0.03,0.12,1.0,4.0
1462648,1462648,18,4.0,Canada,SYS-OTHER,14,Pig,2013.0,0.03,0.03,0.12,0.03
1463646,1463646,18,4.0,Canada,SYS-BRAIN,14,Pig,2013.0,0.03,0.03,0.12,0.03
1464747,1464747,32,5.0,Canada,UNKNOWN,8,Pig,2013.0,0.03,0.06,0.25,0.06
1464749,1464749,18,4.0,Canada,SYS-OTHER,14,Pig,2013.0,0.03,0.03,0.12,0.03
1465473,1465473,18,4.0,Canada,SYS-OTHER,14,Pig,2013.0,0.03,0.03,0.25,0.03
1466571,1466571,7,11.0,Canada,SYS-BRAIN,,Pig,2013.0,0.06,0.06,0.5,1.0
1475186,1475186,22,24.0,Canada,SYS-OTHER,3,Pig,2013.0,0.03,0.03,0.12,0.03
1477528,1477528,22,25.0,Canada,UNKNOWN,3,Pig,2013.0,0.03,0.015,0.12,0.03
1478991,1478991,32,5.0,Canada,RESP,8,Pig,2013.0,0.03,0.03,0.25,0.03
1481256,1481256,32,5.0,Canada,UNKNOWN,8,Pig,2013.0,0.03,0.06,0.25,0.03
1481257,1481257,32,5.0,Canada,SYS-OTHER,8,Pig,2013.0,0.03,0.06,0.5,0.03
1491188,1491188,2,1.0,Canada,RESP,23,Pig,2013.0,0.03,0.03,0.12,0.03
1493634,1493634,32,5.0,Canada,UNKNOWN,16,Pig,2013.0,0.03,0.03,0.25,0.03
1505307,1505307,14,,Canada,UNKNOWN,16,Pig,2013.0,0.06,0.12,2.0,2.0
1506978,1506978,6,10.0,Canada,SYS-BRAIN,,Pig,2013.0,0.03,0.03,0.12,0.03
1506989,1506989,12,8.0,Canada,SYS-OTHER,16,Pig,2013.0,0.06,1.0,4.0,1.0
1508445,1508445,2,1.0,Canada,SYS-BRAIN,23,Pig,2013.0,0.03,0.03,0.12,0.03
1514647,1514647,5,21.0,Canada,RESP,28,Pig,2013.0,0.03,0.06,0.5,0.12
1521251,1521251,1,1.0,Canada,SYS-BRAIN,,Pig,2013.0,0.03,0.015,0.12,0.03
1522228,1522228,1,1.0,Canada,SYS-BRAIN,23,Pig,2013.0,4.0,0.5,0.5,2.0
1588531,1588531,18,4.0,Canada,UNKNOWN,1,Pig,2014.0,0.03,0.03,0.12,0.03
1596165,1596165,23,26.0,Canada,SYS-BRAIN,14,Pig,2014.0,0.06,0.12,0.25,0.06
1596201,1596201,18,4.0,Canada,SYS-BRAIN,1,Pig,2014.0,0.25,0.12,0.25,0.06
1596217,1596217,18,4.0,Canada,SYS-OTHER,1,Pig,2014.0,0.03,0.03,0.12,0.03
1597776,1597776,23,25.0,Canada,UNKNOWN,1/2,Pig,2014.0,0.03,0.015,0.12,0.03
1597778,1597778,23,26.0,Canada,SYS-OTHER,1/2,Pig,2014.0,0.03,0.015,0.12,0.03
1600268,1600268,1,1.0,Canada,UNKNOWN,,Pig,2014.0,0.03,0.06,0.5,0.12
1601399,1601399,23,25.0,Canada,SYS-OTHER,1/2,Pig,2014.0,0.03,0.015,0.03,0.03
1601827,1601827,1,1.0,Canada,SYS-OTHER,,Pig,2014.0,0.03,0.03,0.12,0.03
1602949,1602949,6,10.0,Canada,SYS-OTHER,1,Pig,2014.0,0.03,0.008,0.06,0.03
1602951,1602951,26,27.0,Canada,RESP,2,Pig,2014.0,0.03,0.015,0.12,0.03
1602952,1602952,6,9.0,Canada,RESP,,Pig,2014.0,0.06,0.03,0.25,1.0
1602954,1602954,32,5.0,Canada,RESP,8,Pig,2014.0,0.03,0.03,0.12,0.03
1602956,1602956,1,1.0,Canada,SYS-OTHER,4,Pig,2014.0,0.03,0.03,0.12,0.03
1603813,1603813,23,26.0,Canada,UNKNOWN,2,Pig,2014.0,0.03,0.015,0.12,0.03
1606517,1606517,2,1.0,Canada,UNKNOWN,3,Pig,2014.0,0.03,0.03,0.12,0.03
1606529,1606529,23,26.0,Canada,UNKNOWN,1/2,Pig,2014.0,0.03,0.015,0.12,0.03
1607743,1607743,2,1.0,Canada,UNKNOWN,4,Pig,2014.0,0.06,1.0,4.0,0.12
1607744,1607744,32,5.0,Canada,UNKNOWN,5,Pig,2014.0,0.03,0.03,0.12,0.03
1610743,1610743,2,1.0,Canada,SYS-OTHER,3,Pig,2014.0,0.03,0.03,0.12,0.03
1611505,1611505,18,4.0,Canada,SYS-OTHER,14,Pig,2014.0,0.03,0.03,0.25,0.03
1614720,1614720,12,8.0,Canada,UNKNOWN,16,Pig,2014.0,0.03,0.06,2.0,0.12
1615460,1615460,6,10.0,Canada,SYS-OTHER,,Pig,2014.0,0.03,0.06,0.12,0.03
1615461,1615461,2,1.0,Canada,SYS-BRAIN,9,Pig,2014.0,0.03,0.03,0.12,0.03
1615892,1615892,7,14.0,Canada,UNKNOWN,9,Pig,2014.0,0.03,0.015,0.12,0.03
1619952,1619952,18,4.0,Canada,SYS-BRAIN,1,Pig,2014.0,0.03,0.03,0.25,0.03
1621705,1621705,5,21.0,Canada,SYS-OTHER,,Pig,2014.0,0.06,0.06,1.0,2.0
1622145,1622145,5,21.0,Canada,RESP,28,Pig,2014.0,0.5,0.25,8.0,16.0
1628823,1628823,32,5.0,Canada,SYS-BRAIN,8,Pig,2014.0,0.03,0.06,0.12,0.03
1633180,1633180,2,1.0,Canada,SYS-BRAIN,23,Pig,2014.0,0.03,0.03,0.12,0.03
1636820,1636820,26,27.0,Canada,SYS-OTHER,2,Pig,2014.0,0.03,0.03,0.12,0.03
1637946,1637946,1,1.0,Canada,SYS-OTHER,5,Pig,2014.0,0.03,0.03,0.12,0.03
1644048,1644048,18,4.0,Canada,SYS-OTHER,1,Pig,2014.0,0.03,0.03,0.12,0.03
1650131,1650131,23,25.0,Canada,SYS-OTHER,2,Pig,2014.0,0.03,0.015,0.12,0.03
1650132,1650132,23,26.0,Canada,SYS-OTHER,1/2,Pig,2014.0,0.03,0.015,0.06,0.03
1651929,1651929,23,26.0,Canada,RESP,2,Pig,2014.0,0.03,0.015,0.12,0.03
1652716,1652716,2,1.0,Canada,SYS-BRAIN,4,Pig,2014.0,0.03,0.03,0.12,0.03
1654537,1654537,23,26.0,Canada,RESP,1/2,Pig,2014.0,0.03,0.015,0.12,0.03
1656890,1656890,2,1.0,Canada,SYS-OTHER,3,Pig,2014.0,0.03,0.03,0.12,0.03
1659834,1659834,18,4.0,Canada,SYS-OTHER,1,Pig,2014.0,0.03,0.03,0.12,0.03
1661949,1661949,23,25.0,Canada,SYS-OTHER,1/2,Pig,2014.0,0.03,0.015,0.06,0.03
1665814,1665814,1,1.0,Canada,SYS-OTHER,4,Pig,2014.0,0.03,0.03,0.12,0.03
1666725,1666725,26,27.0,Canada,SYS-OTHER,2,Pig,2014.0,0.03,0.015,0.12,0.03
1666727,1666727,18,4.0,Canada,SYS-OTHER,14,Pig,2014.0,0.03,0.03,0.25,0.03
1667796,1667796,26,27.0,Canada,SYS-BRAIN,2,Pig,2014.0,0.03,0.03,0.12,0.03
1671154,1671154,5,21.0,Canada,SYS-OTHER,27,Pig,2014.0,0.12,0.12,1.0,1.0
87_4647,87-4647,6,10.0,Canada,UNKNOWN,,Pig,1987.0,0.03,0.03,0.12,0.03
88_2775,88-2775,5,21.0,Canada,RESP,13,Pig,1988.0,0.06,0.06,1.0,4.0
88_5454A,88-5454A,22,25.0,Canada,RESP,3,Pig,1988.0,0.03,0.015,0.12,0.03
89_1591,89-1591,26,27.0,Canada,SYS-OTHER,2,Pig,1989.0,0.03,0.015,0.12,0.03
89_1824,89-1824,3,2.0,Canada,SYS-BRAIN,19,Pig,1989.0,0.03,0.06,0.5,0.25
89_289,89-289,6,9.0,Canada,UNKNOWN,9,Pig,1989.0,0.06,0.06,1.0,2.0
89_4004,89-4004,23,26.0,Canada,RESP,1/2,Pig,1989.0,0.03,0.015,0.12,0.03
89_4223,89-4223,23,26.0,Canada,RESP,2,Pig,1989.0,0.03,0.015,0.12,0.03
89_4294,89-4294,3,2.0,Canada,RESP,19,Pig,1989.0,0.03,0.03,0.12,0.06
89_5046,89-5046,26,27.0,Canada,SYS-BRAIN,2,Pig,1989.0,0.03,0.03,0.12,0.03
89_5189,89-5189,6,10.0,Canada,UNKNOWN,,Pig,1989.0,0.03,0.03,0.12,0.06
89_5197,89-5197,9,8.0,Canada,RESP,16,Pig,1989.0,0.03,0.06,0.5,0.12
89_6891_2,89-6891-2,26,27.0,Canada,RESP,2,Pig,1989.0,0.03,0.015,0.12,0.03
89_88_422,89-88-422,7,14.0,Canada,RESP,31,Pig,1989.0,0.03,0.015,0.12,0.03
90_1145,90-1145,6,9.0,Canada,UNKNOWN,31,Pig,1990.0,0.12,0.12,2.0,2.0
90_2741_7,90-2741-7,26,27.0,Canada,SYS-BRAIN,2,Pig,1990.0,0.03,0.015,0.12,0.03
90_3615_2,90-3615-2,6,10.0,Canada,SYS-OTHER,11,Pig,1990.0,0.06,0.25,2.0,2.0
90_4400,90-4400,16,,Canada,RESP,,Pig,1990.0,0.06,0.12,2.0,0.5
90_4517_4,90-4517-4,6,10.0,Canada,RESP,11,Pig,1990.0,0.03,0.03,0.5,2.0
90_546,90-546,1,1.0,Canada,RESP,,Pig,1990.0,0.03,0.03,0.25,0.03
91_1174,91-1174,6,10.0,Canada,RESP,1,Pig,1991.0,0.03,0.03,0.25,0.03
91_173B_752,91-173B-752,6,10.0,Canada,SYS-BRAIN,1,Pig,1991.0,0.03,0.03,0.25,0.03
91_175B_2156,91-175B-2156,23,25.0,Canada,RESP,1/2,Pig,1991.0,0.03,0.015,0.12,0.03
91_178_2215,91-178-2215,6,29.0,Canada,UNKNOWN,4 + 8,Pig,1991.0,0.03,0.03,0.12,0.03
91_178_2469,91-178-2469,22,25.0,Canada,RESP,3,Pig,1991.0,0.03,0.03,0.12,0.03
92_1130,92-1130,6,10.0,Canada,SYS-BRAIN,1,Pig,1992.0,0.03,0.015,0.12,0.03
92_2402_1119,92-2402-1119,1,1.0,Canada,RESP,,Pig,1992.0,0.03,0.03,0.12,0.03
93_1320,93-1320,2,1.0,Canada,UNKNOWN,5,Pig,1993.0,0.03,0.03,0.12,0.06
93_2042_4514,93-2042-4514,2,1.0,Canada,RESP,,Pig,1993.0,0.03,0.015,0.12,0.03
94_1713,94-1713,12,8.0,Canada,SYS-OTHER,11,Pig,1994.0,0.03,0.015,0.12,0.03
94_2571,94-2571,6,10.0,Canada,SYS-BRAIN,12,Pig,1994.0,0.5,0.5,8.0,8.0
94_3370_6480,94-3370-6480,6,12.0,Canada,UNKNOWN,,Pig,1994.0,0.06,0.12,2.0,1.0
94_8576_4887,94-8576-4887,23,25.0,Canada,RESP,14,Pig,1994.0,0.03,0.015,0.12,0.03
99_C561_8614_2,99-C561-8614-2,1,1.0,Canada,SYS-BRAIN,23,Pig,1999.0,0.03,0.03,0.12,0.03
BE4B3_2A,BE4B3-2A,2,1.0,Canada,NON-CLINICAL,23,Pig,2016.0,0.03,0.03,0.12,0.03
BE4B3_4A,BE4B3-4A,16,,Canada,NON-CLINICAL,16,Pig,2016.0,0.12,0.12,2.0,2.0
BE4B3_4B,BE4B3-4B,16,,Canada,NON-CLINICAL,16,Pig,2016.0,0.12,0.12,2.0,2.0
CF2D3_1C,CF2D3-1C,31,,Canada,NON-CLINICAL,28,Pig,2016.0,0.12,1.0,8.0,1.0
CF2D3_2C,CF2D3-2C,31,,Canada,NON-CLINICAL,28,Pig,2016.0,0.06,1.0,8.0,1.0
CF2D3_2D,CF2D3-2D,7,11.0,Canada,NON-CLINICAL,30,Pig,2016.0,0.03,0.06,0.5,0.03
CF2D3_2E,CF2D3-2E,1,1.0,Canada,NON-CLINICAL,5,Pig,2016.0,0.03,0.03,0.12,0.03
CF2D3_4A,CF2D3-4A,1,1.0,Canada,NON-CLINICAL,5,Pig,2016.0,0.03,0.03,0.12,0.03
CF2D3_4B,CF2D3-4B,6,9.0,Canada,NON-CLINICAL,,Pig,2016.0,0.25,0.12,2.0,2.0
CF2D3_4C,CF2D3-4C,6,9.0,Canada,NON-CLINICAL,,Pig,2016.0,0.06,0.12,2.0,1.0
CF2D3_4D,CF2D3-4D,6,9.0,Canada,NON-CLINICAL,,Pig,2016.0,0.06,0.03,0.25,0.5
CG3S3_2A,CG3S3-2A,5,21.0,Canada,NON-CLINICAL,29,Pig,2016.0,0.12,0.25,2.0,1.0
CG3S3_2B,CG3S3-2B,5,21.0,Canada,NON-CLINICAL,29,Pig,2016.0,0.03,0.03,0.25,0.25
D15_036307,D15-036307,23,25.0,Canada,UNKNOWN,1/2,Pig,,0.03,0.015,0.12,0.03
D15_036308,D15-036308,2,1.0,Canada,UNKNOWN,23,Pig,,0.03,0.03,0.12,0.03
D15_036753,D15-036753,2,1.0,Canada,UNKNOWN,3,Pig,,0.03,0.03,0.12,0.03
D15_036755,D15-036755,23,26.0,Canada,UNKNOWN,,Pig,,0.03,0.03,0.12,0.03
D15_037100,D15-037100,2,1.0,Canada,UNKNOWN,23,Pig,,0.03,0.03,0.12,0.03
D15_037104,D15-037104,23,26.0,Canada,UNKNOWN,1/2,Pig,,0.03,0.015,0.12,0.03
D15_049776,D15-049776,12,8.0,Canada,UNKNOWN,9,Pig,,0.03,0.06,0.5,0.06
D15_049887,D15-049887,23,26.0,Canada,UNKNOWN,1/2,Pig,,0.06,0.015,0.12,0.03
D15_055799,D15-055799,23,26.0,Canada,UNKNOWN,1/2,Pig,,0.03,0.015,0.12,0.03
D15_061569,D15-061569,6,9.0,Canada,UNKNOWN,31,Pig,,0.06,0.25,2.0,0.25
D16_009258,D16-009258,5,21.0,Canada,UNKNOWN,,Pig,,0.06,0.12,1.0,4.0
D16_010263,D16-010263,23,26.0,Canada,UNKNOWN,1/2,Pig,,0.03,0.015,0.06,0.03
D16_010378,D16-010378,2,1.0,Canada,UNKNOWN,4,Pig,,0.03,0.06,0.5,0.06
D16_017871,D16-017871,12,8.0,Canada,UNKNOWN,,Pig,,0.03,0.06,0.5,0.06
DB1V3_4A,DB1V3-4A,6,7.0,Canada,NON-CLINICAL,4,Pig,2016.0,0.03,0.03,0.25,0.06
EJ2T3_1A,EJ2T3-1A,32,5.0,Canada,NON-CLINICAL,,Pig,2016.0,0.03,0.03,0.25,0.06
EJ2T3_1B,EJ2T3-1B,32,5.0,Canada,NON-CLINICAL,,Pig,2016.0,0.03,0.03,0.25,0.03
EJ2T3_2A,EJ2T3-2A,32,5.0,Canada,NON-CLINICAL,7,Pig,2016.0,0.03,0.015,0.06,0.03
EJ2T3_2B,EJ2T3-2B,32,5.0,Canada,NON-CLINICAL,,Pig,2016.0,0.03,0.03,0.25,0.03
EJ2T3_2C,EJ2T3-2C,32,5.0,Canada,NON-CLINICAL,,Pig,2016.0,0.03,0.03,0.12,0.03
EJ2T3_2D,EJ2T3-2D,32,5.0,Canada,NON-CLINICAL,,Pig,2016.0,0.03,0.03,0.25,0.03
EJ2T3_2E,EJ2T3-2E,32,5.0,Canada,NON-CLINICAL,,Pig,2016.0,0.03,0.03,0.12,0.03
EJ2T3_3B,EJ2T3-3B,6,10.0,Canada,NON-CLINICAL,15,Pig,2016.0,0.03,0.03,0.12,0.03
MA4T3_1A,MA4T3-1A,6,9.0,Canada,NON-CLINICAL,,Pig,2016.0,0.03,0.015,0.12,0.03
MA4T3_1B,MA4T3-1B,6,9.0,Canada,NON-CLINICAL,31,Pig,2016.0,0.03,0.03,0.12,0.06
MA4T3_2B,MA4T3-2B,32,5.0,Canada,NON-CLINICAL,8,Pig,2016.0,0.03,0.06,0.25,0.03
MA4T3_3A,MA4T3-3A,23,26.0,Canada,NON-CLINICAL,1/2,Pig,2016.0,0.03,0.015,0.06,0.03
MA4T3_3B,MA4T3-3B,23,25.0,Canada,NON-CLINICAL,1/2,Pig,2016.0,0.03,0.015,0.12,0.03
MA4T3_3C,MA4T3-3C,6,9.0,Canada,NON-CLINICAL,31,Pig,2016.0,0.03,0.015,0.12,0.03
MA4T3_4A,MA4T3-4A,7,14.0,Canada,NON-CLINICAL,5,Pig,2016.0,0.12,2.0,16.0,1.0
MA4T3_4B,MA4T3-4B,7,14.0,Canada,NON-CLINICAL,,Pig,2016.0,0.06,2.0,16.0,1.0
MA4T3_4C,MA4T3-4C,2,1.0,Canada,NON-CLINICAL,4,Pig,2016.0,0.03,0.03,0.12,0.03
MA4T3_4D,MA4T3-4D,7,14.0,Canada,NON-CLINICAL,,Pig,2016.0,0.12,2.0,16.0,1.0
ME1D3_3A,ME1D3-3A,7,14.0,Canada,NON-CLINICAL,31,Pig,2016.0,0.03,0.03,0.12,0.03
MY1C3_1A,MY1C3-1A,23,25.0,Canada,NON-CLINICAL,1/2,Pig,2016.0,0.03,0.015,0.12,0.03
MY1C3_2B,MY1C3-2B,2,1.0,Canada,NON-CLINICAL,3,Pig,2016.0,0.03,0.015,0.12,0.03
MY1C3_2C,MY1C3-2C,2,1.0,Canada,NON-CLINICAL,3,Pig,2016.0,0.03,0.03,0.12,0.03
MY1C3_3B,MY1C3-3B,2,1.0,Canada,NON-CLINICAL,3,Pig,2016.0,0.03,0.03,0.12,0.03
MY1C3_3C,MY1C3-3C,2,1.0,Canada,NON-CLINICAL,4,Pig,2016.0,0.03,0.03,0.12,0.06
MZ1B3_4A,MZ1B3-4A,23,25.0,Canada,NON-CLINICAL,14,Pig,2016.0,0.03,0.015,0.12,0.03
MZ1B3_4B,MZ1B3-4B,23,26.0,Canada,NON-CLINICAL,14,Pig,2016.0,0.03,0.015,0.12,0.03
MZ1B3_4C,MZ1B3-4C,23,25.0,Canada,NON-CLINICAL,14,Pig,2016.0,0.03,0.015,0.12,0.03
MZ1B3_4D,MZ1B3-4D,23,25.0,Canada,NON-CLINICAL,14,Pig,2016.0,0.03,0.03,0.12,0.03
MZ1B3_4E,MZ1B3-4E,23,25.0,Canada,NON-CLINICAL,14,Pig,2016.0,0.03,0.015,0.12,0.03
NH1E3_10A,NH1E3-10A,6,29.0,Canada,NON-CLINICAL,,Pig,2016.0,0.03,0.03,0.12,0.03
NH1E3_10B,NH1E3-10B,6,29.0,Canada,NON-CLINICAL,,Pig,2016.0,0.03,0.03,0.12,0.03
NH1E3_9A,NH1E3-9A,5,21.0,Canada,NON-CLINICAL,,Pig,2016.0,0.12,0.12,1.0,1.0
NH1E3_9C,NH1E3-9C,5,21.0,Canada,NON-CLINICAL,,Pig,2016.0,0.12,0.12,1.0,1.0
NH1E3_9D,NH1E3-9D,5,21.0,Canada,NON-CLINICAL,,Pig,2016.0,0.06,0.06,0.5,1.0
P83_3336,P83-3336,16,,Canada,SYS-BRAIN,16,Pig,1983.0,0.12,0.25,2.0,2.0
LOLA_SS001,LOLA-SS001,18,4.0,Lola_UK,SYS-BRAIN,2,Pig,2010.0,0.03,0.015,0.12,0.03
LOLA_SS002,LOLA-SS002,19,4.0,Lola_UK,SYS-OTHER,1,Pig,2010.0,0.03,0.03,0.12,0.03
LOLA_SS003,LOLA-SS003,18,4.0,Lola_UK,SYS-OTHER,1,Pig,2010.0,0.03,0.015,0.12,0.03
LOLA_SS004,LOLA-SS004,22,24.0,Lola_UK,RESP,3,Pig,2010.0,0.03,0.015,0.12,0.03
LOLA_SS005,LOLA-SS005,32,5.0,Lola_UK,SYS-BRAIN,3,Pig,2010.0,0.03,0.03,0.25,0.03
LOLA_SS006,LOLA-SS006,22,24.0,Lola_UK,RESP,4,Pig,2010.0,0.03,0.015,0.12,0.03
LOLA_SS008,LOLA-SS008,24,29.0,Lola_UK,SYS-OTHER,7,Pig,2010.0,0.03,0.008,0.06,0.12
LOLA_SS009,LOLA-SS009,24,28.0,Lola_UK,SYS-BRAIN,7,Pig,2010.0,0.03,0.015,0.12,0.03
LOLA_SS010,LOLA-SS010,18,4.0,Lola_UK,SYS-OTHER,14,Pig,2010.0,0.03,0.03,0.25,0.03
LOLA_SS011,LOLA-SS011,18,4.0,Lola_UK,SYS-BRAIN,14,Pig,2010.0,0.03,0.015,0.12,0.03
LSS1,LSS1,21,26.0,Lola_UK,NON-CLINICAL,2,Pig,2010.0,0.03,0.015,0.06,0.03
LSS10,LSS10,6,9.0,Lola_UK,UNKNOWN,,Pig,2010.0,0.03,0.03,0.12,0.03
LSS100,LSS100,6,10.0,Lola_UK,UNKNOWN,15,Pig,2011.0,0.03,0.015,0.12,0.03
LSS11,LSS11,6,9.0,Lola_UK,NON-CLINICAL,31,Pig,2011.0,0.03,0.015,0.12,0.03
LSS13,LSS13,9,13.0,Lola_UK,RESP,16,Pig,2009.0,0.03,0.06,0.5,0.12
LSS18,LSS18,11,8.0,Lola_UK,NON-CLINICAL,16,Pig,2010.0,0.03,0.015,0.12,0.03
LSS2,LSS2,6,10.0,Lola_UK,UNKNOWN-SYS_DISEASE,15,Pig,2010.0,0.03,0.03,0.12,0.03
LSS20,LSS20,34,5.0,Lola_UK,NON-CLINICAL,4,Pig,2010.0,0.03,0.008,0.06,0.03
LSS21,LSS21,18,4.0,Lola_UK,UNKNOWN-SYS_DISEASE,2,Pig,2011.0,0.03,0.008,0.12,0.03
LSS22,LSS22,18,4.0,Lola_UK,UNKNOWN-SYS_DISEASE,2,Pig,2011.0,0.03,0.008,0.12,0.03
LSS23,LSS23,5,21.0,Lola_UK,NON-CLINICAL,24,Pig,2011.0,0.03,0.008,1.0,0.03
LSS24,LSS24,21,26.0,Lola_UK,UNKNOWN-SYS_DISEASE,1/2,Pig,2011.0,0.03,0.008,0.06,0.03
LSS25,LSS25,21,25.0,Lola_UK,NON-CLINICAL,1/2,Pig,2011.0,0.03,0.002,0.06,0.03
LSS26,LSS26,21,26.0,Lola_UK,UNKNOWN-SYS_DISEASE,1/2,Pig,2011.0,0.03,0.015,0.12,0.03
LSS27,LSS27,6,9.0,Lola_UK,NON-CLINICAL,10,Pig,2011.0,0.03,0.015,0.12,0.03
LSS28,LSS28,18,4.0,Lola_UK,UNKNOWN,2,Pig,2011.0,0.03,0.015,0.12,0.03
LSS29,LSS29,21,25.0,Lola_UK,UNKNOWN-SYS_DISEASE,1/2,Pig,2011.0,0.03,0.008,0.06,0.03
LSS3,LSS3,21,25.0,Lola_UK,NON-CLINICAL,1/2,Pig,2010.0,0.03,0.015,0.06,0.03
LSS30,LSS30,6,9.0,Lola_UK,NON-CLINICAL,31,Pig,2011.0,0.03,0.03,0.5,0.12
LSS31,LSS31,6,9.0,Lola_UK,NON-CLINICAL,24,Pig,2011.0,0.03,0.008,0.12,0.03
LSS32,LSS32,5,21.0,Lola_UK,NON-CLINICAL,24,Pig,2011.0,0.03,0.06,1.0,0.25
LSS33,LSS33,6,9.0,Lola_UK,UNKNOWN-SYS_DISEASE,4,Pig,2011.0,0.03,0.03,0.25,0.03
LSS34,LSS34,34,5.0,Lola_UK,NON-CLINICAL,8,Pig,2011.0,0.03,0.06,0.25,0.03
LSS35,LSS35,18,4.0,Lola_UK,UNKNOWN-SYS_DISEASE,2,Pig,2011.0,0.03,0.03,0.12,0.03
LSS36,LSS36,5,21.0,Lola_UK,UNKNOWN-SYS_DISEASE,,Pig,2011.0,0.03,0.06,0.5,1.0
LSS37,LSS37,6,9.0,Lola_UK,NON-CLINICAL,24,Pig,2011.0,0.03,0.015,0.12,0.03
LSS4,LSS4,18,4.0,Lola_UK,UNKNOWN,2,Pig,2010.0,0.03,0.015,0.12,0.03
LSS40,LSS40,13,8.0,Lola_UK,NON-CLINICAL,6,Pig,2011.0,0.03,0.03,0.12,0.03
LSS42,LSS42,9,13.0,Lola_UK,NON-CLINICAL,16,Pig,2011.0,0.03,0.06,1.0,0.25
LSS44,LSS44,7,11.0,Lola_UK,NON-CLINICAL,15,Pig,2011.0,0.03,0.06,0.25,0.03
LSS47,LSS47,11,8.0,Lola_UK,NON-CLINICAL,16,Pig,2011.0,0.03,0.008,0.12,0.03
LSS48,LSS48,6,9.0,Lola_UK,NON-CLINICAL,31,Pig,2011.0,0.03,0.25,1.0,0.12
LSS49,LSS49,6,9.0,Lola_UK,NON-CLINICAL,,Pig,2011.0,0.03,0.06,1.0,0.06
LSS5,LSS5,18,4.0,Lola_UK,UNKNOWN,2,Pig,2010.0,0.03,0.03,0.12,0.03
LSS50,LSS50,18,4.0,Lola_UK,UNKNOWN-SYS_DISEASE,2,Pig,2011.0,0.03,0.008,0.12,0.03
LSS51,LSS51,18,4.0,Lola_UK,UNKNOWN-SYS_DISEASE,2,Pig,2011.0,0.03,0.008,0.12,0.03
LSS52,LSS52,5,21.0,Lola_UK,UNKNOWN-SYS_DISEASE,19,Pig,2011.0,0.03,0.015,0.25,0.5
LSS54,LSS54,5,21.0,Lola_UK,NON-CLINICAL,,Pig,2011.0,0.03,0.03,0.5,1.0
LSS55,LSS55,7,14.0,Lola_UK,NON-CLINICAL,9,Pig,2011.0,0.03,0.002,0.12,0.03
LSS56,LSS56,24,28.0,Lola_UK,UNKNOWN-SYS_DISEASE,7 (+3 partial),Pig,2011.0,0.03,0.008,0.12,0.03
LSS57,LSS57,6,9.0,Lola_UK,NON-CLINICAL,,Pig,2011.0,0.03,0.03,0.5,0.5
LSS58,LSS58,6,9.0,Lola_UK,NON-CLINICAL,31,Pig,2011.0,0.03,0.06,1.0,0.06
LSS59,LSS59,6,9.0,Lola_UK,NON-CLINICAL,10,Pig,2011.0,0.03,0.12,2.0,0.12
LSS60,LSS60,6,9.0,Lola_UK,NON-CLINICAL,31,Pig,2011.0,0.03,0.015,0.12,0.03
LSS61,LSS61,21,25.0,Lola_UK,NON-CLINICAL,1/2,Pig,2011.0,0.03,0.008,0.06,0.03
LSS62,LSS62,18,4.0,Lola_UK,NON-CLINICAL,2,Pig,2011.0,0.03,0.03,0.12,0.03
LSS63,LSS63,18,4.0,Lola_UK,NON-CLINICAL,2,Pig,2011.0,0.03,0.015,0.12,0.03
LSS64,LSS64,5,21.0,Lola_UK,NON-CLINICAL,21,Pig,2011.0,0.03,0.06,0.5,0.5
LSS65,LSS65,6,9.0,Lola_UK,NON-CLINICAL,10,Pig,2011.0,0.03,0.06,1.0,0.25
LSS66,LSS66,6,9.0,Lola_UK,UNKNOWN-SYS_DISEASE,9,Pig,2011.0,0.03,0.03,0.5,0.12
LSS67,LSS67,34,5.0,Lola_UK,NON-CLINICAL,8,Pig,2011.0,0.03,0.015,0.12,0.03
LSS68,LSS68,34,5.0,Lola_UK,NON-CLINICAL,8,Pig,2011.0,0.03,0.008,0.12,0.12
LSS70,LSS70,34,5.0,Lola_UK,NON-CLINICAL,9,Pig,2011.0,0.03,0.008,0.12,0.03
LSS71,LSS71,21,25.0,Lola_UK,NON-CLINICAL,1/2,Pig,2011.0,0.03,0.008,0.06,0.03
LSS72,LSS72,21,26.0,Lola_UK,NON-CLINICAL,1 and 3 ,Pig,2011.0,0.03,0.015,0.06,0.03
LSS73,LSS73,1,1.0,Lola_UK,UNKNOWN-SYS_DISEASE,3,Pig,2011.0,0.03,0.015,0.12,0.03
LSS74,LSS74,1,1.0,Lola_UK,UNKNOWN-SYS_DISEASE,3,Pig,2011.0,0.03,0.03,0.12,0.03
LSS75,LSS75,6,9.0,Lola_UK,NON-CLINICAL,31,Pig,2011.0,0.03,0.015,0.12,0.03
LSS76,LSS76,34,5.0,Lola_UK,NON-CLINICAL,8 (+2 partial),Pig,2011.0,0.03,0.03,0.25,0.03
LSS77,LSS77,21,26.0,Lola_UK,NON-CLINICAL,1 and 4,Pig,2011.0,0.03,0.008,0.06,0.03
LSS78,LSS78,6,10.0,Lola_UK,NON-CLINICAL,12,Pig,2011.0,0.03,0.06,1.0,0.12
LSS79,LSS79,6,10.0,Lola_UK,NON-CLINICAL,15(+19 partial),Pig,2011.0,0.03,0.015,0.12,0.03
LSS8,LSS8,9,8.0,Lola_UK,UNKNOWN,16,Pig,2010.0,0.03,0.03,0.25,0.03
LSS80,LSS80,6,9.0,Lola_UK,NON-CLINICAL,31,Pig,2011.0,0.03,0.015,0.12,0.03
LSS81,LSS81,6,10.0,Lola_UK,NON-CLINICAL,15,Pig,2011.0,0.03,0.015,0.12,0.06
LSS82,LSS82,9,13.0,Lola_UK,NON-CLINICAL,16,Pig,2011.0,0.03,0.03,0.12,0.03
LSS83,LSS83,24,28.0,Lola_UK,NON-CLINICAL,7,Pig,2011.0,0.03,0.015,0.06,0.03
LSS84,LSS84,24,28.0,Lola_UK,NON-CLINICAL,7,Pig,2011.0,0.03,0.008,0.06,0.03
LSS85,LSS85,24,28.0,Lola_UK,NON-CLINICAL,7,Pig,2011.0,0.03,0.015,0.12,0.03
LSS86,LSS86,21,26.0,Lola_UK,NON-CLINICAL,1 + 5,Pig,2011.0,0.03,0.008,0.06,0.03
LSS87,LSS87,21,26.0,Lola_UK,UNKNOWN-SYS_DISEASE,1 + 6,Pig,2011.0,0.03,0.008,0.12,0.03
LSS88,LSS88,5,21.0,Lola_UK,NON-CLINICAL,,Pig,2011.0,0.03,0.03,0.25,0.03
LSS89,LSS89,34,5.0,Lola_UK,NON-CLINICAL,8,Pig,2011.0,0.03,0.06,0.25,0.03
LSS9,LSS9,9,8.0,Lola_UK,NON-CLINICAL,10,Pig,2010.0,0.03,0.03,0.25,0.03
LSS90,LSS90,6,9.0,Lola_UK,NON-CLINICAL,31,Pig,2011.0,0.03,0.015,0.12,0.03
LSS91,LSS91,13,8.0,Lola_UK,NON-CLINICAL,6,Pig,2011.0,0.03,0.015,0.12,0.03
LSS92,LSS92,12,8.0,Lola_UK,NON-CLINICAL,9,Pig,2011.0,0.03,0.03,0.5,0.12
LSS94,LSS94,34,5.0,Lola_UK,NON-CLINICAL,4,Pig,2011.0,0.03,0.03,0.12,0.03
LSS95,LSS95,6,10.0,Lola_UK,NON-CLINICAL,11,Pig,2011.0,0.03,0.12,2.0,0.25
LSS96,LSS96,6,10.0,Lola_UK,NON-CLINICAL,11,Pig,2011.0,0.03,0.12,2.0,1.0
LSS97,LSS97,18,4.0,Lola_UK,UNKNOWN-SYS_DISEASE,2,Pig,2011.0,0.03,0.015,0.12,0.03
LSS98,LSS98,18,4.0,Lola_UK,UNKNOWN-SYS_DISEASE,2,Pig,2011.0,0.03,0.03,0.12,0.03
LSS99,LSS99,5,21.0,Lola_UK,UNKNOWN,,Pig,2011.0,0.03,0.06,0.5,0.25
SS1000,SS1000,24,28.0,Lola_UK,RESP,7,Pig,2010.0,0.03,0.008,0.06,0.03
SS1001,SS1001,18,4.0,Lola_UK,SYS-OTHER,2,Pig,2010.0,0.03,0.008,0.12,0.03
SS1002,SS1002,18,4.0,Lola_UK,SYS-BRAIN,2,Pig,2010.0,0.03,0.002,0.12,0.03
SS1004,SS1004,18,4.0,Lola_UK,SYS-OTHER,2,Pig,2010.0,0.03,0.008,0.12,0.03
SS1005,SS1005,22,24.0,Lola_UK,RESP,3,Pig,2010.0,0.03,0.008,0.12,0.03
SS1006,SS1006,18,4.0,Lola_UK,UNKNOWN-SYS_DISEASE,2,Pig,2010.0,0.03,0.015,0.12,0.03
SS1007,SS1007,24,28.0,Lola_UK,SYS-BRAIN,7,Pig,2010.0,0.03,0.015,0.12,0.03
SS1008,SS1008,18,4.0,Lola_UK,SYS-BRAIN,2,Pig,2010.0,0.03,0.008,0.12,0.03
SS1009,SS1009,21,25.0,Lola_UK,RESP,1/2,Pig,2010.0,0.03,0.002,0.06,0.03
SS1010,SS1010,18,4.0,Lola_UK,SYS-OTHER,2,Pig,2010.0,0.03,0.03,0.12,0.03
SS1011,SS1011,18,4.0,Lola_UK,SYS-BRAIN,1,Pig,2011.0,0.03,0.015,0.12,0.03
SS1012,SS1012,18,4.0,Lola_UK,SYS-BRAIN,2,Pig,2010.0,0.03,0.015,0.12,0.03
SS1013,SS1013,5,21.0,Lola_UK,RESP,,Pig,2011.0,0.03,0.06,0.5,0.5
SS1014,SS1014,22,24.0,Lola_UK,RESP,3,Pig,2011.0,0.03,0.03,0.12,0.03
SS1015,SS1015,22,24.0,Lola_UK,RESP,3,Pig,2010.0,0.03,0.015,0.12,0.03
SS1016,SS1016,34,5.0,Lola_UK,RESP,8,Pig,2010.0,0.03,0.015,0.06,0.03
SS1017,SS1017,18,4.0,Lola_UK,RESP,2,Pig,2010.0,0.03,0.015,0.12,0.03
SS1018,SS1018,24,28.0,Lola_UK,RESP,7,Pig,2010.0,0.03,0.015,0.06,0.03
SS1021,SS1021,22,24.0,Lola_UK,RESP,3,Pig,2010.0,0.03,0.008,0.06,0.03
SS1022,SS1022,6,10.0,Lola_UK,RESP,7,Pig,2010.0,0.03,0.008,0.06,0.03
SS1023,SS1023,18,4.0,Lola_UK,SYS-OTHER,2,Pig,2010.0,0.03,0.03,0.12,0.03
SS1024,SS1024,18,4.0,Lola_UK,SYS-BRAIN,2,Pig,2010.0,0.03,0.015,0.12,0.03
SS1025,SS1025,18,4.0,Lola_UK,RESP,2,Pig,2010.0,0.03,0.015,0.12,0.03
SS1026,SS1026,18,4.0,Lola_UK,SYS-BRAIN,2,Pig,2010.0,0.03,0.03,0.12,0.03
SS1027,SS1027,18,4.0,Lola_UK,RESP,14,Pig,2010.0,0.03,0.008,0.12,0.03
SS1028,SS1028,6,9.0,Lola_UK,SYS-BRAIN,4,Pig,2010.0,0.03,0.015,0.5,0.12
SS1029,SS1029,18,4.0,Lola_UK,SYS-OTHER,14,Pig,2010.0,0.03,0.002,0.12,0.03
SS1030,SS1030,22,24.0,Lola_UK,UNKNOWN-SYS_DISEASE,3,Pig,2010.0,0.03,0.008,0.12,0.03
SS1032,SS1032,18,4.0,Lola_UK,SYS-OTHER,2,Pig,2010.0,0.03,0.015,0.12,0.03
SS1033,SS1033,18,4.0,Lola_UK,SYS-BRAIN,1,Pig,2010.0,0.03,0.015,0.12,0.03
SS1035,SS1035,21,26.0,Lola_UK,SYS-BRAIN,8,Pig,2010.0,0.03,0.015,0.12,0.03
SS1036,SS1036,18,4.0,Lola_UK,SYS-OTHER,2,Pig,2010.0,0.03,0.015,0.12,0.03
SS1037,SS1037,34,5.0,Lola_UK,RESP,8,Pig,2010.0,0.03,0.03,0.12,0.03
SS1038,SS1038,18,4.0,Lola_UK,SYS-BRAIN,1,Pig,2010.0,0.03,0.008,0.12,0.03
SS1039,SS1039,18,4.0,Lola_UK,SYS-OTHER,1,Pig,2010.0,0.03,0.015,0.12,0.03
SS1040,SS1040,1,1.0,Lola_UK,RESP,4,Pig,2010.0,0.03,0.03,0.12,0.03
SS1041,SS1041,1,1.0,Lola_UK,RESP,4,Pig,2010.0,0.03,0.03,0.12,0.03
SS1042,SS1042,1,1.0,Lola_UK,RESP,4,Pig,2010.0,0.03,0.015,0.12,0.03
SS1043,SS1043,21,26.0,Lola_UK,RESP,1/2,Pig,2010.0,0.03,0.008,0.06,0.03
SS1048,SS1048,34,5.0,Lola_UK,RESP,4,Pig,2010.0,0.03,0.03,0.12,0.03
SS1051,SS1051,24,28.0,Lola_UK,SYS-BRAIN,7,Pig,2010.0,0.03,0.015,0.12,0.03
SS1052,SS1052,34,5.0,Lola_UK,RESP,3,Pig,2010.0,0.03,0.03,0.25,0.03
SS1053,SS1053,26,27.0,Lola_UK,SYS-BRAIN,2,Pig,2010.0,0.03,0.008,0.03,0.03
SS1054,SS1054,18,4.0,Lola_UK,SYS-OTHER,2,Pig,,0.03,0.015,0.12,0.03
SS1055,SS1055,18,4.0,Lola_UK,SYS-BRAIN,2,Pig,2010.0,0.03,0.015,0.12,0.03
SS1056,SS1056,6,9.0,Lola_UK,SYS-OTHER,8,Pig,2010.0,0.03,0.03,0.5,0.25
SS1057,SS1057,22,24.0,Lola_UK,RESP,3,Pig,2010.0,0.03,0.015,0.12,0.03
SS1058,SS1058,18,4.0,Lola_UK,UNKNOWN-SYS_DISEASE,1,Pig,2010.0,0.03,0.015,0.12,0.03
SS1061,SS1061,34,5.0,Lola_UK,RESP,8,Pig,2010.0,0.03,0.03,0.12,0.03
SS1062,SS1062,7,11.0,Lola_UK,RESP,15,Pig,2010.0,0.03,0.015,0.12,0.03
SS1063,SS1063,18,4.0,Lola_UK,SYS-BRAIN,2,Pig,2010.0,0.03,0.015,0.06,0.03
SS1064,SS1064,26,27.0,Lola_UK,RESP,2,Pig,2010.0,0.03,0.008,0.06,0.03
SS1065,SS1065,18,4.0,Lola_UK,SYS-BRAIN,2,Pig,2010.0,0.03,0.015,0.12,0.03
SS1066,SS1066,18,4.0,Lola_UK,SYS-BRAIN,2,Pig,2010.0,0.03,0.015,0.12,0.03
SS1067,SS1067,8,13.0,Lola_UK,SYS-OTHER,16,Pig,2010.0,0.03,0.015,0.12,0.03
SS1070,SS1070,18,4.0,Lola_UK,SYS-BRAIN,2,Pig,2010.0,0.03,0.015,0.12,0.03
SS1072,SS1072,18,4.0,Lola_UK,SYS-BRAIN,2,Pig,2010.0,0.03,0.03,0.12,0.03
SS1073,SS1073,18,4.0,Lola_UK,SYS-BRAIN,1/2,Pig,2010.0,0.03,0.015,0.12,0.03
SS967,SS967,34,5.0,Lola_UK,UNKNOWN-SYS_DISEASE,4,Pig,2010.0,0.03,0.03,0.12,0.03
SS969,SS969,18,4.0,Lola_UK,RESP,2,Pig,2010.0,0.03,0.03,0.12,0.03
SS970,SS970,18,4.0,Lola_UK,SYS-BRAIN,2,Pig,2010.0,0.03,0.015,0.06,0.03
SS972,SS972,18,4.0,Lola_UK,SYS-BRAIN,2,Pig,2010.0,0.03,0.03,0.12,0.03
SS973,SS973,18,4.0,Lola_UK,SYS-BRAIN,2,Pig,2010.0,0.03,0.015,0.12,0.03
SS974,SS974,21,25.0,Lola_UK,SYS-OTHER,2,Pig,2010.0,0.03,0.008,0.12,0.03
SS975,SS975,6,9.0,Lola_UK,RESP,,Pig,2010.0,0.03,0.015,0.12,0.03
SS976,SS976,18,4.0,Lola_UK,SYS-BRAIN,2,Pig,2010.0,0.06,0.015,0.12,0.03
SS979,SS979,18,4.0,Lola_UK,SYS-OTHER,14,Pig,2010.0,0.03,0.015,0.12,0.03
SS981,SS981,12,8.0,Lola_UK,SYS-BRAIN,,Pig,2010.0,0.03,0.03,0.5,0.03
SS982,SS982,18,4.0,Lola_UK,SYS-OTHER,14,Pig,2010.0,0.03,0.015,0.12,0.03
SS983,SS983,18,4.0,Lola_UK,SYS-OTHER,1,Pig,2010.0,0.03,0.015,0.12,0.03
SS985,SS985,9,8.0,Lola_UK,UNKNOWN,,Pig,2010.0,0.03,0.015,0.12,0.03
SS986,SS986,7,11.0,Lola_UK,RESP,12,Pig,2010.0,0.03,0.015,0.12,0.03
SS987,SS987,18,4.0,Lola_UK,SYS-OTHER,1,Pig,2010.0,0.03,0.03,0.12,0.03
SS989,SS989,21,26.0,Lola_UK,RESP,2,Pig,2010.0,0.03,0.008,0.06,0.03
SS991,SS991,18,4.0,Lola_UK,SYS-BRAIN,2,Pig,2010.0,0.03,0.015,0.12,0.03
SS992,SS992,18,4.0,Lola_UK,RESP,2,Pig,2010.0,0.03,0.015,0.12,0.03
SS993,SS993,5,21.0,Lola_UK,NON-CLINICAL,,Pig,2010.0,0.03,0.015,0.12,0.03
SS994,SS994,18,4.0,Lola_UK,SYS-BRAIN,2,Pig,2010.0,0.03,0.015,0.12,0.03
SS995,SS995,18,4.0,Lola_UK,SYS-OTHER,14,Pig,2010.0,0.03,0.03,0.25,0.03
SS996,SS996,21,26.0,Lola_UK,RESP,1/2,Pig,2010.0,0.03,0.008,0.06,0.03
SS997,SS997,6,9.0,Lola_UK,RESP,8,Pig,2010.0,0.03,0.015,0.25,0.03
SS998,SS998,18,4.0,Lola_UK,RESP,2,Pig,2010.0,0.03,0.015,0.12,0.03
SS999,SS999,1,1.0,Lola_UK,RESP,3,Pig,2010.0,0.03,0.008,0.12,0.03
TMW_SS001,TMW_SS001,18,4.0,RCUK_APHA,UNKNOWN,2,Pig,,0.03,0.015,0.12,0.03
TMW_SS002,TMW_SS002,18,4.0,RCUK_APHA,UNKNOWN,2,Pig,,0.03,0.015,0.12,0.03
TMW_SS003,TMW_SS003,24,28.0,RCUK_APHA,UNKNOWN,,Pig,,0.03,0.015,0.12,0.03
TMW_SS004,TMW_SS004,32,5.0,RCUK_APHA,UNKNOWN,8,Pig,,0.03,0.03,0.12,0.03
TMW_SS005,TMW_SS005,23,26.0,RCUK_APHA,RESP,1/2,Pig,2013.0,0.03,0.008,0.06,0.03
TMW_SS006,TMW_SS006,18,4.0,RCUK_APHA,SYS-OTHER,2,Pig,2013.0,0.03,0.015,0.12,0.03
TMW_SS007,TMW_SS007,18,4.0,RCUK_APHA,SYS-BRAIN,2,Pig,2013.0,0.03,0.015,0.12,0.03
TMW_SS008,TMW_SS008,6,9.0,RCUK_APHA,UNKNOWN,9,Pig,2013.0,0.03,0.06,1.0,0.5
TMW_SS009,TMW_SS009,26,27.0,RCUK_APHA,RESP,2,Pig,2013.0,0.03,0.008,0.06,0.03
TMW_SS010,TMW_SS010,18,4.0,RCUK_APHA,RESP,2,Pig,2013.0,0.03,0.015,0.12,0.03
TMW_SS011,TMW_SS011,18,4.0,RCUK_APHA,RESP,14,Pig,2013.0,0.03,0.015,0.12,0.03
TMW_SS012,TMW_SS012,6,10.0,RCUK_APHA,UNKNOWN,,Pig,2013.0,0.03,0.015,0.12,0.03
TMW_SS013,TMW_SS013,24,28.0,RCUK_APHA,SYS-OTHER,7,Pig,2013.0,0.03,0.008,0.06,0.03
TMW_SS014,TMW_SS014,24,28.0,RCUK_APHA,UNKNOWN,7,Pig,2013.0,0.03,0.008,0.06,0.03
TMW_SS015,TMW_SS015,18,4.0,RCUK_APHA,UNKNOWN,2,Pig,2013.0,0.03,0.03,0.12,0.03
TMW_SS016,TMW_SS016,18,4.0,RCUK_APHA,UNKNOWN,2,Pig,2013.0,0.03,0.015,0.12,0.03
TMW_SS017,TMW_SS017,18,4.0,RCUK_APHA,UNKNOWN,14,Pig,2013.0,0.03,0.015,0.12,0.03
TMW_SS018,TMW_SS018,32,5.0,RCUK_APHA,RESP,8,Pig,2013.0,0.03,0.03,0.12,0.03
TMW_SS019,TMW_SS019,18,4.0,RCUK_APHA,UNKNOWN,14,Pig,2013.0,0.03,0.015,0.12,0.03
TMW_SS020,TMW_SS020,9,13.0,RCUK_APHA,UNKNOWN,,Pig,2013.0,0.03,0.03,0.5,0.12
TMW_SS022,TMW_SS022,18,4.0,RCUK_APHA,SYS-BRAIN,2,Pig,2013.0,0.03,0.015,0.12,0.03
TMW_SS023,TMW_SS023,18,4.0,RCUK_APHA,SYS-OTHER,1,Pig,2013.0,0.03,0.015,0.12,0.03
TMW_SS024,TMW_SS024,6,10.0,RCUK_APHA,UNKNOWN,,Pig,2013.0,0.03,0.008,0.06,0.03
TMW_SS025,TMW_SS025,18,4.0,RCUK_APHA,UNKNOWN,2,Pig,,0.03,0.015,0.12,0.03
TMW_SS026,TMW_SS026,22,24.0,RCUK_APHA,UNKNOWN,3,Pig,2013.0,0.03,0.015,0.12,0.03
TMW_SS027,TMW_SS027,32,5.0,RCUK_APHA,UNKNOWN,8,Pig,2013.0,0.03,0.03,0.12,0.03
TMW_SS029,TMW_SS029,6,10.0,RCUK_APHA,UNKNOWN,,Pig,2013.0,0.03,0.03,0.12,0.03
TMW_SS031,TMW_SS031,18,4.0,RCUK_APHA,UNKNOWN,1,Pig,2013.0,0.03,0.015,0.12,0.03
TMW_SS032,TMW_SS032,22,24.0,RCUK_APHA,UNKNOWN,3,Pig,2013.0,0.03,0.015,0.12,0.03
TMW_SS033,TMW_SS033,23,25.0,RCUK_APHA,UNKNOWN,1/2,Pig,2013.0,0.03,0.008,0.06,0.03
TMW_SS034,TMW_SS034,6,9.0,RCUK_APHA,UNKNOWN,,Pig,2013.0,0.03,0.03,0.25,0.03
TMW_SS035,TMW_SS035,6,9.0,RCUK_APHA,UNKNOWN,,Pig,2013.0,0.03,0.03,0.25,0.03
TMW_SS036,TMW_SS036,23,26.0,RCUK_APHA,UNKNOWN,1/2,Pig,2013.0,0.03,0.008,0.06,0.03
TMW_SS037,TMW_SS037,6,9.0,RCUK_APHA,UNKNOWN,,Pig,2013.0,0.06,0.06,1.0,1.0
TMW_SS038,TMW_SS038,18,4.0,RCUK_APHA,UNKNOWN,2,Pig,2013.0,0.03,0.03,0.12,0.03
TMW_SS039,TMW_SS039,18,4.0,RCUK_APHA,UNKNOWN,2,Pig,2013.0,0.03,0.015,0.12,0.03
TMW_SS040,TMW_SS040,18,4.0,RCUK_APHA,SYS-BRAIN,2,Pig,2013.0,0.03,0.015,0.12,0.03
TMW_SS041,TMW_SS041,32,5.0,RCUK_APHA,UNKNOWN,3,Pig,2013.0,0.03,0.06,0.25,0.03
TMW_SS042,TMW_SS042,32,5.0,RCUK_APHA,UNKNOWN,4,Pig,2013.0,0.03,0.06,0.25,0.03
TMW_SS043,TMW_SS043,18,4.0,RCUK_APHA,RESP,2,Pig,2014.0,0.03,0.015,0.12,0.03
TMW_SS044,TMW_SS044,23,26.0,RCUK_APHA,UNKNOWN,1/2,Pig,2014.0,0.03,0.015,0.12,0.03
TMW_SS045,TMW_SS045,6,9.0,RCUK_APHA,UNKNOWN,,Pig,2014.0,0.06,0.03,1.0,0.5
TMW_SS046,TMW_SS046,23,26.0,RCUK_APHA,UNKNOWN,1/2,Pig,2014.0,0.03,0.008,0.06,0.03
TMW_SS047,TMW_SS047,23,26.0,RCUK_APHA,UNKNOWN,2,Pig,,0.03,0.015,0.12,0.03
TMW_SS048,TMW_SS048,23,26.0,RCUK_APHA,RESP,2,Pig,2014.0,0.03,0.008,0.12,0.03
TMW_SS049,TMW_SS049,18,4.0,RCUK_APHA,UNKNOWN,2,Pig,2014.0,0.03,0.03,0.12,0.03
TMW_SS051,TMW_SS051,24,28.0,RCUK_APHA,UNKNOWN,,Pig,2014.0,0.03,0.008,0.12,0.03
TMW_SS052,TMW_SS052,24,28.0,RCUK_APHA,UNKNOWN,,Pig,2014.0,0.03,0.015,0.12,0.03
TMW_SS053,TMW_SS053,23,26.0,RCUK_APHA,UNKNOWN,1/2,Pig,2014.0,0.03,0.015,0.12,0.03
TMW_SS054,TMW_SS054,6,10.0,RCUK_APHA,UNKNOWN,28,Pig,2014.0,0.03,0.03,0.25,0.03
TMW_SS055,TMW_SS055,18,4.0,RCUK_APHA,UNKNOWN,2,Pig,2014.0,0.03,0.03,0.12,0.03
TMW_SS056,TMW_SS056,23,26.0,RCUK_APHA,UNKNOWN,2,Pig,2014.0,0.03,0.015,0.06,0.03
TMW_SS057,TMW_SS057,23,26.0,RCUK_APHA,UNKNOWN,2,Pig,2014.0,0.03,0.015,0.06,0.03
TMW_SS058,TMW_SS058,18,4.0,RCUK_APHA,UNKNOWN,2,Pig,,0.03,0.03,0.25,0.03
TMW_SS059,TMW_SS059,18,4.0,RCUK_APHA,SYS-BRAIN,1,Pig,2014.0,0.03,0.03,0.25,0.03
TMW_SS060,TMW_SS060,18,4.0,RCUK_APHA,SYS-BRAIN,2,Pig,2014.0,0.03,0.008,0.06,0.03
TMW_SS061,TMW_SS061,18,4.0,RCUK_APHA,SYS-OTHER,2,Pig,2014.0,0.03,0.015,0.12,0.03
TMW_SS062,TMW_SS062,18,4.0,RCUK_APHA,UNKNOWN,2,Pig,2014.0,0.03,0.03,0.12,0.03
TMW_SS063,TMW_SS063,32,5.0,RCUK_APHA,UNKNOWN,8,Pig,2014.0,0.03,0.03,0.12,0.03
TMW_SS064,TMW_SS064,32,5.0,RCUK_APHA,UNKNOWN,8,Pig,2014.0,0.03,0.03,0.12,0.03
TMW_SS065,TMW_SS065,32,5.0,RCUK_APHA,UNKNOWN,5,Pig,2014.0,0.03,0.03,0.12,0.03
TMW_SS066,TMW_SS066,3,2.0,RCUK_APHA,UNKNOWN,,Pig,2014.0,0.03,0.06,0.5,0.25
TMW_SS069,TMW_SS069,18,4.0,RCUK_APHA,UNKNOWN,2,Pig,2014.0,0.03,0.015,0.12,0.03
TMW_SS070,TMW_SS070,1,1.0,RCUK_APHA,RESP,4,Pig,2014.0,0.03,0.015,0.12,0.03
TMW_SS071,TMW_SS071,18,4.0,RCUK_APHA,SYS-BRAIN,2,Pig,2014.0,0.03,0.015,0.12,0.03
TMW_SS072,TMW_SS072,24,28.0,RCUK_APHA,UNKNOWN,7,Pig,2014.0,0.03,0.015,0.06,0.03
TMW_SS073,TMW_SS073,32,5.0,RCUK_APHA,RESP,8,Pig,2014.0,0.03,0.008,0.12,0.03
TMW_SS074,TMW_SS074,32,5.0,RCUK_APHA,RESP,,Pig,2014.0,0.03,0.06,0.25,0.03
TMW_SS075,TMW_SS075,9,8.0,RCUK_APHA,UNKNOWN,,Pig,2014.0,0.03,0.06,0.5,0.25
TMW_SS076,TMW_SS076,32,5.0,RCUK_APHA,RESP,8,Pig,2014.0,0.03,0.015,0.12,0.03
TMW_SS077,TMW_SS077,18,4.0,RCUK_APHA,UNKNOWN,14,Pig,2014.0,0.03,0.015,0.12,0.03
TMW_SS078,TMW_SS078,6,9.0,RCUK_APHA,UNKNOWN,,Pig,2014.0,0.03,0.015,0.12,0.03
TMW_SS079,TMW_SS079,18,4.0,RCUK_APHA,RESP,2,Pig,2014.0,0.03,0.015,0.12,0.03
TMW_SS080,TMW_SS080,24,28.0,RCUK_APHA,UNKNOWN,7,Pig,2014.0,0.03,0.015,0.12,0.03
TMW_SS081,TMW_SS081,18,4.0,RCUK_APHA,SYS-BRAIN,2,Pig,2014.0,0.03,0.015,0.12,0.03
TMW_SS082,TMW_SS082,32,5.0,RCUK_APHA,RESP,8,Pig,2014.0,0.03,0.015,0.12,0.03
TMW_SS083,TMW_SS083,18,4.0,RCUK_APHA,SYS-BRAIN,2,Pig,2014.0,0.03,0.015,0.12,0.03
TMW_SS084,TMW_SS084,23,25.0,RCUK_APHA,UNKNOWN,1/2,Pig,,0.03,0.015,0.12,0.03
TMW_SS085,TMW_SS085,23,25.0,RCUK_APHA,UNKNOWN,1/2,Pig,2014.0,0.03,0.015,0.12,0.03
TMW_SS086,TMW_SS086,6,10.0,RCUK_APHA,SYS-BRAIN,14,Pig,2014.0,0.03,0.015,0.25,0.03
TMW_SS087,TMW_SS087,24,28.0,RCUK_APHA,UNKNOWN,,Pig,2014.0,0.03,0.015,0.12,0.03
TMW_SS089,TMW_SS089,18,4.0,RCUK_APHA,UNKNOWN,2,Pig,2014.0,0.03,0.03,0.12,0.03
TMW_SS090,TMW_SS090,18,4.0,RCUK_APHA,SYS-BRAIN,14,Pig,2014.0,0.03,0.06,0.12,0.03
TMW_SS091,TMW_SS091,5,21.0,RCUK_APHA,UNKNOWN,29,Pig,2014.0,0.03,0.03,0.5,0.12
TMW_SS092,TMW_SS092,24,28.0,RCUK_APHA,UNKNOWN,,Pig,2014.0,0.03,0.015,0.25,0.03
TMW_SS093,TMW_SS093,18,4.0,RCUK_APHA,SYS-OTHER,2,Pig,2014.0,0.03,0.03,0.12,0.03
TMW_SS094,TMW_SS094,32,5.0,RCUK_APHA,UNKNOWN,8,Pig,2014.0,0.03,0.03,0.12,0.03
TMW_SS095,TMW_SS095,23,25.0,RCUK_APHA,UNKNOWN,1/2,Pig,2014.0,0.03,0.008,0.06,0.03
TMW_SS096,TMW_SS096,18,4.0,RCUK_APHA,SYS-BRAIN,2,Pig,2014.0,0.03,0.03,0.25,0.03
TMW_SS097,TMW_SS097,18,4.0,RCUK_APHA,UNKNOWN,1,Pig,2014.0,0.03,0.03,0.12,0.03
TMW_SS098,TMW_SS098,23,25.0,RCUK_APHA,UNKNOWN,2,Pig,,0.03,0.015,0.12,0.03
TMW_SS099,TMW_SS099,18,4.0,RCUK_APHA,SYS-OTHER,2,Pig,2014.0,0.03,0.03,0.12,0.03
TMW_SS100,TMW_SS100,23,25.0,RCUK_APHA,RESP,1/2,Pig,2014.0,0.03,0.015,0.06,0.03
TMW_SS101,TMW_SS101,23,25.0,RCUK_APHA,UNKNOWN,2,Pig,2014.0,0.03,0.015,0.12,0.03
TMW_SS102,TMW_SS102,18,4.0,RCUK_APHA,UNKNOWN,2,Pig,2014.0,0.03,0.03,0.12,0.03
TMW_SS103,TMW_SS103,18,4.0,RCUK_APHA,UNKNOWN,14,Pig,2014.0,0.03,0.03,0.25,0.03
TMW_SS104,TMW_SS104,18,4.0,RCUK_APHA,SYS-BRAIN,2,Pig,2014.0,0.03,0.03,0.25,0.03
TMW_SS105,TMW_SS105,23,25.0,RCUK_APHA,UNKNOWN,1/2,Pig,2014.0,0.03,0.008,0.06,0.03
TMW_SS106,TMW_SS106,30,12.0,RCUK_APHA,NON-CLINICAL,28,Pig,2015.0,0.03,0.03,0.5,0.12
TMW_SS107,TMW_SS107,30,12.0,RCUK_APHA,NON-CLINICAL,28,Pig,2015.0,0.03,0.06,0.5,0.25
TMW_SS108,TMW_SS108,7,11.0,RCUK_APHA,NON-CLINICAL,,Pig,2015.0,0.03,0.03,0.25,0.03
TMW_SS109,TMW_SS109,7,11.0,RCUK_APHA,NON-CLINICAL,,Pig,2015.0,0.03,0.03,0.25,0.03
TMW_SS110,TMW_SS110,30,12.0,RCUK_APHA,NON-CLINICAL,28,Pig,2015.0,0.03,0.03,0.5,0.12
TMW_SS111,TMW_SS111,30,12.0,RCUK_APHA,NON-CLINICAL,28,Pig,2015.0,0.03,0.03,0.5,0.12
TMW_SS112,TMW_SS112,30,12.0,RCUK_APHA,NON-CLINICAL,28,Pig,2015.0,0.03,0.03,0.5,0.25
TMW_SS113,TMW_SS113,30,12.0,RCUK_APHA,NON-CLINICAL,28,Pig,2015.0,0.03,0.03,0.5,0.25
TMW_SS114,TMW_SS114,30,12.0,RCUK_APHA,NON-CLINICAL,28,Pig,2015.0,0.03,0.03,0.5,0.25
TMW_SS115,TMW_SS115,30,12.0,RCUK_APHA,NON-CLINICAL,28,Pig,2015.0,0.03,0.03,0.5,0.25
TMW_SS116,TMW_SS116,7,11.0,RCUK_APHA,NON-CLINICAL,,Pig,2015.0,0.03,0.015,0.25,0.03
TMW_SS117,TMW_SS117,7,11.0,RCUK_APHA,NON-CLINICAL,,Pig,2015.0,0.03,0.03,0.25,0.03
TMW_SS118,TMW_SS118,30,12.0,RCUK_APHA,NON-CLINICAL,28,Pig,2015.0,0.03,0.06,0.5,0.25
TMW_SS119,TMW_SS119,7,11.0,RCUK_APHA,NON-CLINICAL,,Pig,2015.0,0.03,0.03,0.12,0.06
083_13A,083_13A,13,8.0,RCUK_UK,NON-CLINICAL,6,Pig,2013.0,0.03,0.008,0.12,0.03
083_17A,083_17A,17,8.0,RCUK_UK,NON-CLINICAL,25,Pig,2013.0,0.03,0.015,0.12,0.03
083_17B,083_17B,6,9.0,RCUK_UK,NON-CLINICAL,,Pig,2013.0,0.03,0.03,0.12,0.03
083_17C,083_17C,6,9.0,RCUK_UK,NON-CLINICAL,,Pig,2013.0,0.03,0.06,1.0,0.25
083_1C,083_1C,5,21.0,RCUK_UK,NON-CLINICAL,,Pig,2013.0,0.03,0.06,1.0,0.25
083_22A,083_22A,6,10.0,RCUK_UK,NON-CLINICAL,15,Pig,2013.0,0.03,0.004,0.03,0.03
083_24C,083_24C,17,8.0,RCUK_UK,NON-CLINICAL,25,Pig,2013.0,0.03,0.015,0.12,0.03
083_25C,083_25C,6,9.0,RCUK_UK,NON-CLINICAL,10,Pig,2013.0,0.03,0.015,0.06,0.03
083_2A,083_2A,6,9.0,RCUK_UK,NON-CLINICAL,31,Pig,2013.0,0.03,0.12,1.0,0.25
083_2B,083_2B,6,9.0,RCUK_UK,NON-CLINICAL,31,Pig,2013.0,0.03,0.015,0.25,0.03
083_3A,083_3A,6,9.0,RCUK_UK,NON-CLINICAL,,Pig,2013.0,0.03,0.06,1.0,0.25
270_16A,270_16A,6,9.0,RCUK_UK,NON-CLINICAL,,Pig,2013.0,0.03,0.03,0.25,0.03
270_21B,270_21B,6,10.0,RCUK_UK,NON-CLINICAL,30,Pig,2013.0,0.03,0.03,0.25,0.03
270_21C,270_21C,6,10.0,RCUK_UK,NON-CLINICAL,30,Pig,2013.0,0.03,0.03,0.12,0.03
270_23C,270_23C,6,9.0,RCUK_UK,NON-CLINICAL,,Pig,2013.0,0.03,0.03,0.25,0.03
270_6A,270_6A,6,9.0,RCUK_UK,NON-CLINICAL,4,Pig,2013.0,0.03,0.06,0.25,0.03
359_6B,359_6B,6,9.0,RCUK_UK,NON-CLINICAL,10,Pig,2013.0,0.03,0.12,2.0,0.12
427_17B,427_17B,7,11.0,RCUK_UK,NON-CLINICAL,15,Pig,2013.0,0.03,0.03,0.12,0.12
427_17C,427_17C,5,21.0,RCUK_UK,NON-CLINICAL,,Pig,2013.0,0.06,0.06,1.0,0.5
427_5B,427_5B,8,13.0,RCUK_UK,NON-CLINICAL,16,Pig,2013.0,0.03,0.015,0.12,0.03
427_7C,427_7C,12,8.0,RCUK_UK,NON-CLINICAL,9,Pig,2013.0,0.03,0.015,0.12,0.03
632_4A,632_4A,13,8.0,RCUK_UK,NON-CLINICAL,6,Pig,2013.0,0.03,0.015,0.12,0.03
632_6A,632_6A,13,8.0,RCUK_UK,NON-CLINICAL,6,Pig,2013.0,0.03,0.015,0.12,0.03
632_6B,632_6B,13,8.0,RCUK_UK,NON-CLINICAL,6,Pig,2013.0,0.03,0.008,0.06,0.03
632_6C,632_6C,13,8.0,RCUK_UK,NON-CLINICAL,6,Pig,2013.0,0.5,0.25,1.0,1.0
632_7B,632_7B,9,13.0,RCUK_UK,NON-CLINICAL,16,Pig,2013.0,0.03,0.03,0.25,0.03
632_7C,632_7C,6,9.0,RCUK_UK,NON-CLINICAL,31,Pig,2013.0,0.03,0.06,0.5,0.06
632_9A,632_9A,8,13.0,RCUK_UK,NON-CLINICAL,16,Pig,2013.0,0.03,0.015,0.12,0.03
632_9C,632_9C,9,8.0,RCUK_UK,NON-CLINICAL,25,Pig,2013.0,0.03,0.12,2.0,0.5
635_10C,635_10C,6,9.0,RCUK_UK,NON-CLINICAL,10,Pig,2013.0,0.03,0.03,0.5,0.25
635_11B,635_11B,7,11.0,RCUK_UK,NON-CLINICAL,15,Pig,2013.0,0.03,0.03,0.12,0.03
635_3A,635_3A,8,13.0,RCUK_UK,NON-CLINICAL,16,Pig,2013.0,0.03,0.015,0.12,0.03
635_6B,635_6B,8,13.0,RCUK_UK,NON-CLINICAL,16,Pig,2013.0,0.03,0.015,0.12,0.03
635_6C,635_6C,7,11.0,RCUK_UK,NON-CLINICAL,15,Pig,2013.0,0.03,0.03,0.12,0.03
635_8C,635_8C,8,13.0,RCUK_UK,NON-CLINICAL,16,Pig,2013.0,0.03,0.015,0.12,0.03
635_9A,635_9A,5,21.0,RCUK_UK,NON-CLINICAL,,Pig,2013.0,0.03,0.06,0.5,0.06
635_9C,635_9C,6,10.0,RCUK_UK,NON-CLINICAL,15,Pig,2013.0,0.03,0.015,0.12,0.03
684_10A,684_10A,6,9.0,RCUK_UK,NON-CLINICAL,5,Pig,2013.0,0.03,0.015,0.06,0.03
684_11B,684_11B,6,10.0,RCUK_UK,NON-CLINICAL,28,Pig,2013.0,0.03,0.03,0.12,0.03
684_11C,684_11C,17,8.0,RCUK_UK,NON-CLINICAL,25,Pig,2013.0,0.03,0.03,0.12,0.03
684_12A,684_12A,17,8.0,RCUK_UK,NON-CLINICAL,25,Pig,2013.0,0.03,0.03,0.12,0.03
684_12B,684_12B,8,13.0,RCUK_UK,NON-CLINICAL,16,Pig,2013.0,0.03,0.015,0.12,0.03
684_12C,684_12C,6,9.0,RCUK_UK,NON-CLINICAL,,Pig,2013.0,0.03,0.03,0.12,0.03
684_13A,684_13A,8,13.0,RCUK_UK,NON-CLINICAL,16,Pig,2013.0,0.03,0.015,0.12,0.03
684_13C,684_13C,8,13.0,RCUK_UK,NON-CLINICAL,16,Pig,2013.0,0.03,0.03,0.12,0.03
684_14B,684_14B,12,8.0,RCUK_UK,NON-CLINICAL,9,Pig,2013.0,0.03,0.015,0.12,0.03
684_14C,684_14C,12,8.0,RCUK_UK,NON-CLINICAL,9,Pig,2013.0,0.03,0.015,0.12,0.03
684_16A,684_16A,6,9.0,RCUK_UK,NON-CLINICAL,9,Pig,2013.0,0.03,0.03,1.0,0.25
684_17C,684_17C,6,10.0,RCUK_UK,NON-CLINICAL,15,Pig,2013.0,0.03,0.004,0.06,0.03
684_18B,684_18B,5,21.0,RCUK_UK,NON-CLINICAL,,Pig,2013.0,0.06,0.06,1.0,0.5
684_18C,684_18C,5,21.0,RCUK_UK,NON-CLINICAL,,Pig,2013.0,0.03,0.06,1.0,0.5
684_19B,684_19B,6,10.0,RCUK_UK,NON-CLINICAL,30,Pig,2013.0,0.03,0.015,0.12,0.03
684_1B,684_1B,6,9.0,RCUK_UK,NON-CLINICAL,8,Pig,2013.0,0.03,0.03,0.5,0.03
684_20A,684_20A,8,13.0,RCUK_UK,NON-CLINICAL,16,Pig,2013.0,0.03,0.06,0.25,0.03
684_20C,684_20C,12,8.0,RCUK_UK,NON-CLINICAL,9,Pig,2013.0,0.03,0.015,0.12,0.03
684_21A,684_21A,11,8.0,RCUK_UK,NON-CLINICAL,16,Pig,2013.0,0.03,0.015,0.12,0.03
684_21B,684_21B,5,21.0,RCUK_UK,NON-CLINICAL,,Pig,2013.0,0.03,0.03,0.5,1.0
684_21C,684_21C,11,8.0,RCUK_UK,NON-CLINICAL,16,Pig,2013.0,0.03,0.03,0.12,0.03
684_24C,684_24C,5,21.0,RCUK_UK,NON-CLINICAL,,Pig,2013.0,0.03,0.06,0.5,0.5
684_25C,684_25C,6,10.0,RCUK_UK,NON-CLINICAL,15,Pig,2013.0,0.03,0.015,0.12,0.03
684_2A,684_2A,17,8.0,RCUK_UK,NON-CLINICAL,25,Pig,2013.0,0.03,0.015,0.12,0.03
684_3A,684_3A,7,11.0,RCUK_UK,NON-CLINICAL,15,Pig,2013.0,0.03,0.03,0.12,0.06
684_3B,684_3B,5,21.0,RCUK_UK,NON-CLINICAL,,Pig,2013.0,0.03,0.06,0.5,0.25
684_3C,684_3C,6,10.0,RCUK_UK,NON-CLINICAL,28,Pig,2013.0,0.03,0.03,0.12,0.03
684_4A,684_4A,8,13.0,RCUK_UK,NON-CLINICAL,16,Pig,2013.0,0.03,0.015,0.12,0.03
684_5A,684_5A,8,13.0,RCUK_UK,NON-CLINICAL,16,Pig,2013.0,0.03,0.015,0.12,0.03
684_5B,684_5B,6,10.0,RCUK_UK,NON-CLINICAL,28,Pig,2013.0,0.03,0.06,0.25,0.03
684_6A,684_6A,6,10.0,RCUK_UK,NON-CLINICAL,15,Pig,2013.0,0.03,0.015,0.12,0.03
684_6B,684_6B,8,13.0,RCUK_UK,NON-CLINICAL,16,Pig,2013.0,0.03,0.015,0.12,0.03
684_6C,684_6C,12,8.0,RCUK_UK,NON-CLINICAL,9,Pig,2013.0,0.03,0.015,0.12,0.03
684_7A,684_7A,17,8.0,RCUK_UK,NON-CLINICAL,25,Pig,2013.0,0.03,0.015,0.12,0.03
684_7C,684_7C,17,8.0,RCUK_UK,NON-CLINICAL,25,Pig,2013.0,0.03,0.015,0.12,0.03
684_8A,684_8A,8,13.0,RCUK_UK,NON-CLINICAL,16,Pig,2013.0,0.03,0.015,0.12,0.03
684_8C,684_8C,8,13.0,RCUK_UK,NON-CLINICAL,16,Pig,2013.0,0.03,0.015,0.25,0.03
684_9B,684_9B,12,8.0,RCUK_UK,NON-CLINICAL,9,Pig,2013.0,0.03,0.015,0.12,0.03
714_14B,714_14B,6,10.0,RCUK_UK,NON-CLINICAL,28,Pig,2014.0,0.03,0.03,0.25,0.03
714_15A,714_15A,24,28.0,RCUK_UK,NON-CLINICAL,7,Pig,2014.0,0.03,0.008,0.12,0.03
714_19B,714_19B,5,21.0,RCUK_UK,NON-CLINICAL,,Pig,2014.0,0.03,0.06,0.5,0.5
714_3A,714_3A,5,21.0,RCUK_UK,NON-CLINICAL,,Pig,2014.0,0.03,0.06,0.5,0.5
714_7B,714_7B,5,21.0,RCUK_UK,NON-CLINICAL,,Pig,2014.0,0.03,0.06,0.5,0.5
784_10A,784_10A,5,21.0,RCUK_UK,NON-CLINICAL,,Pig,2013.0,0.12,0.06,2.0,2.0
784_10B,784_10B,13,8.0,RCUK_UK,NON-CLINICAL,6,Pig,2013.0,0.03,0.015,0.25,0.03
784_15B,784_15B,5,21.0,RCUK_UK,NON-CLINICAL,,Pig,2013.0,0.12,0.06,1.0,1.0
784_16B,784_16B,5,21.0,RCUK_UK,NON-CLINICAL,,Pig,2013.0,0.06,0.06,1.0,1.0
784_17C,784_17C,5,21.0,RCUK_UK,NON-CLINICAL,,Pig,2013.0,0.12,0.06,1.0,2.0
784_18C,784_18C,6,9.0,RCUK_UK,NON-CLINICAL,31,Pig,2013.0,0.03,0.03,0.5,0.5
784_20A,784_20A,13,8.0,RCUK_UK,NON-CLINICAL,6,Pig,2013.0,0.03,0.015,0.12,0.03
784_21A,784_21A,7,11.0,RCUK_UK,NON-CLINICAL,,Pig,2013.0,0.03,0.015,0.12,0.03
784_23B,784_23B,5,21.0,RCUK_UK,NON-CLINICAL,21,Pig,2013.0,0.03,0.03,0.5,1.0
784_23C,784_23C,9,8.0,RCUK_UK,NON-CLINICAL,,Pig,2013.0,0.03,0.015,0.12,0.03
784_2C,784_2C,13,8.0,RCUK_UK,NON-CLINICAL,6,Pig,2013.0,0.03,0.015,0.12,0.03
784_3A,784_3A,6,10.0,RCUK_UK,NON-CLINICAL,,Pig,2013.0,0.03,0.008,0.06,0.03
784_5C,784_5C,11,8.0,RCUK_UK,NON-CLINICAL,16,Pig,2013.0,0.03,0.015,0.12,0.03
784_6A,784_6A,7,14.0,RCUK_UK,NON-CLINICAL,31,Pig,2013.0,0.03,0.03,0.25,0.03
784_7A,784_7A,9,13.0,RCUK_UK,NON-CLINICAL,16,Pig,2013.0,0.03,0.06,0.25,0.06
784_7B,784_7B,6,9.0,RCUK_UK,NON-CLINICAL,9,Pig,2013.0,0.03,0.12,1.0,0.25
784_8B,784_8B,11,8.0,RCUK_UK,NON-CLINICAL,16,Pig,2013.0,0.03,0.015,0.12,0.03
784_9A,784_9A,12,8.0,RCUK_UK,NON-CLINICAL,9,Pig,2013.0,0.03,0.03,0.5,0.06
876_15B,876_15B,12,8.0,RCUK_UK,NON-CLINICAL,9,Pig,2013.0,0.03,0.015,0.12,0.03
876_15C,876_15C,12,8.0,RCUK_UK,NON-CLINICAL,9,Pig,2013.0,0.03,0.015,0.12,0.03
876_19A,876_19A,6,9.0,RCUK_UK,NON-CLINICAL,8,Pig,2013.0,0.03,0.03,1.0,0.5
876_1A,876_1A,6,10.0,RCUK_UK,NON-CLINICAL,15,Pig,2013.0,0.03,0.008,0.06,0.03
876_20A,876_20A,12,8.0,RCUK_UK,NON-CLINICAL,9,Pig,2013.0,0.03,0.008,0.25,0.03
876_21B,876_21B,6,10.0,RCUK_UK,NON-CLINICAL,30,Pig,2013.0,0.03,0.03,0.12,0.03
876_2A,876_2A,12,8.0,RCUK_UK,NON-CLINICAL,9,Pig,2013.0,0.03,0.015,0.12,0.03
876_3B,876_3B,5,21.0,RCUK_UK,NON-CLINICAL,29,Pig,2013.0,0.03,0.06,0.5,0.5
876_6C,876_6C,6,9.0,RCUK_UK,NON-CLINICAL,10,Pig,2013.0,0.03,0.015,0.12,0.03
01ZN_ST222,01ZN-ST222,1,4.0,Lola_Vietnam,SYS-OTHER,2,Pig,2010.0,0.015,0.03,0.125,0.031
01ZN_TG183,01ZN-TG183,1,4.0,Lola_Vietnam,SYS-OTHER,2,Pig,2010.0,0.015,0.03,0.125,0.031
01ZN_TG187,01ZN-TG187,1,4.0,Lola_Vietnam,SYS-OTHER,2,Pig,,0.015,0.03,0.125,0.031
01ZN_TG189,01ZN-TG189,1,4.0,Lola_Vietnam,SYS-OTHER,2,Pig,2010.0,0.015,0.03,0.125,0.031
BM178a,BM178a,1,4.0,Lola_Vietnam,SYS-BRAIN,2,Human,2000.0,0.015,0.03,0.125,0.031
BM190a,BM190a,1,4.0,Lola_Vietnam,SYS-BRAIN,2,Human,2000.0,0.015,0.008,0.125,0.031
BM191a,BM191a,1,4.0,Lola_Vietnam,SYS-BRAIN,2,Human,2000.0,0.015,0.015,0.125,0.031
BM197a,BM197a,1,4.0,Lola_Vietnam,SYS-BRAIN,2,Human,2000.0,0.015,0.03,0.125,0.031
BM198a,BM198a,1,4.0,Lola_Vietnam,SYS-BRAIN,2,Human,2000.0,0.015,0.03,0.125,0.031
BM203a,BM203a,1,4.0,Lola_Vietnam,SYS-BRAIN,2,Human,2000.0,0.015,0.03,0.125,0.031
BM209a,BM209a,1,4.0,Lola_Vietnam,SYS-BRAIN,2,Human,2000.0,0.015,0.03,0.125,0.031
BM211a,BM211a,1,4.0,Lola_Vietnam,SYS-BRAIN,2,Human,2000.0,0.015,0.03,0.125,0.031
BM213a,BM213a,1,4.0,Lola_Vietnam,SYS-BRAIN,2,Human,2000.0,0.015,0.03,0.125,0.031
BM216a,BM216a,1,4.0,Lola_Vietnam,SYS-BRAIN,2,Human,2001.0,0.015,0.015,0.125,0.031
BM224C,BM224C,1,4.0,Lola_Vietnam,SYS-BRAIN,2,Human,2001.0,0.015,0.03,0.125,0.031
BM228C,BM228C,1,4.0,Lola_Vietnam,SYS-BRAIN,2,Human,2001.0,0.015,0.03,0.125,0.031
BM231a,BM231a,1,4.0,Lola_Vietnam,SYS-BRAIN,2,Human,2001.0,0.015,0.015,0.125,0.031
BM237a,BM237a,1,4.0,Lola_Vietnam,SYS-BRAIN,2,Human,2001.0,0.015,0.015,0.125,0.031
BM241a,BM241a,1,4.0,Lola_Vietnam,SYS-BRAIN,2,Human,2001.0,0.015,0.015,0.125,0.031
BM251C,BM251C,1,4.0,Lola_Vietnam,SYS-BRAIN,2,Human,2001.0,0.015,0.015,0.125,0.031
BM253a,BM253a,1,4.0,Lola_Vietnam,SYS-BRAIN,2,Human,2001.0,0.015,0.015,0.125,0.031
BM257a,BM257a,1,4.0,Lola_Vietnam,SYS-BRAIN,2,Human,2001.0,0.015,0.03,0.125,0.031
BM264a,BM264a,1,4.0,Lola_Vietnam,SYS-BRAIN,2,Human,2002.0,0.015,0.03,0.125,0.031
BM272C,BM272C,1,4.0,Lola_Vietnam,SYS-BRAIN,2,Human,2002.0,0.015,0.03,0.125,0.031
BM278a,BM278a,1,4.0,Lola_Vietnam,SYS-BRAIN,2,Human,2002.0,0.015,0.03,0.125,0.031
BM303a,BM303a,1,4.0,Lola_Vietnam,SYS-BRAIN,2,Human,2002.0,0.015,0.03,0.125,0.031
BM308a,BM308a,1,4.0,Lola_Vietnam,SYS-BRAIN,2,Human,2002.0,0.015,0.015,0.125,0.031
BM315C,BM315C,1,4.0,Lola_Vietnam,SYS-BRAIN,2,Human,2002.0,0.015,0.015,0.125,0.031
BM321C,BM321C,1,4.0,Lola_Vietnam,SYS-BRAIN,2,Human,2002.0,0.015,0.03,0.125,0.031
BM329B,BM329B,1,4.0,Lola_Vietnam,SYS-BRAIN,2,Human,2003.0,0.015,0.03,0.125,0.031
FX90_2,FX90_2,1,4.0,Lola_Vietnam,NON-CLINICAL,2,Pig,2006.0,0.015,0.03,0.125,0.031
FX77_1,FX77_1,1,4.0,Lola_Vietnam,NON-CLINICAL,2,Pig,2006.0,0.015,0.03,0.125,0.031
FX74,FX74,1,4.0,Lola_Vietnam,NON-CLINICAL,2,Pig,2006.0,0.015,0.03,0.5,0.031
FX540_1,FX540_1,1,4.0,Lola_Vietnam,NON-CLINICAL,2,Pig,2007.0,0.015,0.03,0.25,0.031
FX478,FX478,1,4.0,Lola_Vietnam,NON-CLINICAL,2,Pig,2007.0,0.015,0.015,0.125,0.031
FX28_2,FX28_2,1,4.0,Lola_Vietnam,NON-CLINICAL,2,Pig,2006.0,0.015,0.03,0.25,0.031
FX109,FX109,1,4.0,Lola_Vietnam,NON-CLINICAL,2,Pig,2006.0,0.015,0.03,0.25,0.031
FX14,FX14,1,4.0,Lola_Vietnam,NON-CLINICAL,2,Pig,2006.0,0.015,0.03,0.25,0.031
FX50_2,FX50_2,1,4.0,Lola_Vietnam,NON-CLINICAL,2,Pig,2006.0,0.015,0.03,0.25,0.031
FX507_1,FX507_1,1,4.0,Lola_Vietnam,NON-CLINICAL,2,Pig,2007.0,0.03,0.03,0.25,0.031
FX543_1,FX543_1,1,4.0,Lola_Vietnam,NON-CLINICAL,2,Pig,2007.0,0.015,0.03,0.125,0.031
FX419,FX419,1,4.0,Lola_Vietnam,NON-CLINICAL,2,Pig,2007.0,0.015,0.03,0.25,0.031
FX415_6,FX415_6,1,4.0,Lola_Vietnam,NON-CLINICAL,2,Pig,2007.0,0.015,0.03,0.25,0.031
FX230,FX230,1,4.0,Lola_Vietnam,NON-CLINICAL,2,Pig,2007.0,0.015,0.015,0.125,0.031
FX275,FX275,1,4.0,Lola_Vietnam,NON-CLINICAL,2,Pig,2007.0,0.015,0.03,0.125,0.031
FX328_4,FX328_4,1,4.0,Lola_Vietnam,NON-CLINICAL,2,Pig,2007.0,0.015,0.015,0.06,0.5
FX428_1,FX428_1,1,4.0,Lola_Vietnam,NON-CLINICAL,2,Pig,2007.0,0.015,0.008,0.06,0.5
FX211,FX211,1,4.0,Lola_Vietnam,NON-CLINICAL,2,Pig,2007.0,0.015,0.03,0.25,0.031
BM407,BM407,1,4.0,Lola_Vietnam,SYS-BRAIN,2,Human,2004.0,0.015,0.015,0.25,0.031
SS38,SS38,1,4.0,Lola_Vietnam,SYS-BRAIN,2,Human,2006.0,0.015,0.03,0.25,0.031
